,year,country,activity,age,species_,mes,deceso,genero
0,2018,usa,Paddling,57,White,Jun,N,F
1,2018,brazil,Swimming,18,Tiger,Jun,Y,M
2,2018,usa,Walking,15,Bull,May,N,M
3,2018,australia,Feeding sharks,32,Grey,May,N,M
4,2018,england,Fishing,21,Unspecified,May,N,M
5,2018,costa rica,Scuba diving,30,Tiger,Apr,N,M
6,2018,australia,Surfing,60,Unspecified,Apr,N,M
7,2018,maldives,Fishing,32,Tiger,Apr,N,M
8,2018,south africa,Paddle-skiing,33,White,Apr,N,M
9,2018,south africa,Surfing,19,White,Apr,N,M
10,2018,usa,Stand-Up Paddleboarding,25,Tiger,Mar,N,M
11,2018,australia,Wading,10,Unspecified,Mar,N,M
12,2018,australia,Swimming,69,Unspecified,Mar,N,M
13,2018,australia,Surfing,18,Unspecified,Mar,N,M
14,2018,australia,Swimming,55,White,Feb,N,F
15,2018,australia,Walking,35,Bull,Feb,N,M
16,2018,brazil,Surfing,20,Unspecified,Jan,N,M
17,2017,usa,Surfing,54,Tiger,Dec,N,F
18,2017,usa,Spearfishing,25,White,Nov,N,M
19,2017,australia,Surfing,25,Unspecified,Nov,N,M
20,2017,cuba,Night bathing,22,Tiger,Nov,Y,M
21,2017,australia,Surfing,31,Unspecified,Oct,N,M
22,2017,australia,Kayaking / Fishing,15,White,Oct,N,F
23,2017,usa,Surfing,54,Tiger,Oct,N,M
24,2017,usa,Snorkeling,40,Unspecified,Oct,N,F
25,2017,usa,Surfing,33,Unspecified,Sep,,M
26,2017,usa,Surfing,18,Unspecified,Sep,N,M
27,2017,australia,Surfing,35,White,Sep,N,M
28,2017,australia,Surfing,37,White,Aug,N,M
29,2017,spain,Swimming,11,Unspecified,Aug,,F
30,2017,usa,SUP,69,White,Aug,N,M
31,2017,usa,Swimming,13,Unspecified,Aug,N,M
32,2017,usa,Fishing,34,Unspecified,Aug,N,M
33,2017,usa,Swimming,10,Unspecified,Jul,,M
34,2017,usa,Kayaking,40,White,Jul,N,M
35,2017,usa,SUP,50,White,Jul,N,M
36,2017,usa,Swimming,46,Bull,Jul,N,M
37,2017,south africa,Surfing,13,White,Jul,N,F
38,2017,australia,Body boarding,48,White,Jun,N,M
39,2017,bahamas,Snorkeling,32,Tiger,Jun,N,F
40,2017,usa,Surfing,18,Unspecified,May,,F
41,2017,australia,Surfing,17,White,Apr,Y,F
42,2017,usa,Surfing,28,Tiger,Apr,N,M
43,2017,usa,Swimming,17,Bull,Apr,N,F
44,2017,australia,Scuba Diving,55,Bull,Jan,N,M
45,2017,indonesia,Surfing,48,Bull,Jan,N,M
46,2017,australia,Wading,20,Unspecified,Jan,,M
47,2016,south africa,Surf skiing ,55,White,Dec,N,M
48,2016,usa,Surfing,19,Unspecified,Dec,,M
49,2016,australia,Surf fishing,20,Unspecified,Dec,N,M
50,2016,australia,Surfing,65,White,Dec,N,M
51,2016,australia,Fishing,73,Unspecified,Nov,N,M
52,2016,usa,Floating,58,Tiger,Nov,N,F
53,2016,usa,Surfing,36,Unspecified,Oct,N,M
54,2016,australia,Surfing,17,White,Sep,N,M
55,2016,usa,Wading,60,Unspecified,Sep,N,M
56,2016,usa,Swimming,51,Tiger,Sep,N,F
57,2016,usa,Surfing,25,Bull,Aug,N,M
58,2016,usa,SUP Foil boarding,21,Tiger,Aug,N,M
59,2016,spain,Swimming,40,Unspecified,Jul,N,M
60,2016,australia,Fishing,31,Unspecified,Jul,N,M
61,2016,usa,Kite surfing,61,White,Jul,N,M
62,2016,usa,Fishing,59,Unspecified,Jul,N,M
63,2016,australia,Fishing,34,Unspecified,Jul,N,M
64,2016,usa,Floating,42,Unspecified,Jun,N,M
65,2016,usa,Floating in tube,6,Unspecified,Jun,N,F
66,2016,usa,Standing,19,Unspecified,Jun,N,M
67,2016,usa,Surfing,27,Unspecified,Jun,,M
68,2016,australia,Diving,60,Unspecified,Jun,Y,F
69,2016,egypt,Swimming,23,Unspecified,Jun,N,M
70,2016,australia,Surfing,29,White,May,Y,M
71,2016,usa,Swimming,13,Unspecified,May,N,M
72,2016,usa,Swimming,22,Bull,May,N,F
73,2016,usa,Swimming,48,Unspecified,May,N,M
74,2016,usa,Teasing a shark,23,Unspecified,May,N,F
75,2016,new zealand,Fishing,39,Unspecified,May,N,M
76,2016,indonesia,Surfing,24,Bull,Apr,N,M
77,2016,australia,Swimming,12,Unspecified,Apr,N,M
78,2016,french polynesia,Spearfishing,22,Grey,Apr,,M
79,2016,french polynesia,Spearfishing,26,Grey,Apr,N,M
80,2016,new caledonia,Walking,69,Tiger,Apr,Y,F
81,2016,usa,Paddle boarding,48,Tiger,Jan,N,M
82,2016,australia,Wading,11,Unspecified,Jan,N,M
83,2016,australia,Spearfishing,31,Unspecified,Jan,N,M
84,2015,usa,Paddle boarding,71,Unspecified,Dec,N,M
85,2015,australia,Surfing,43,Unspecified,Dec,N,M
86,2015,ecuador,Snorkeling,55,Unspecified,Nov,N,M
87,2015,australia,Surfing,20,Bull,Nov,N,M
88,2015,usa,Surfing,9,Unspecified,Nov,,F
89,2015,usa,Wading,28,Unspecified,Nov,N,F
90,2015,south africa,Surfing,42,White,Oct,N,M
91,2015,usa,Surfing,21,Unspecified,Oct,N,M
92,2015,usa,Surfing,21,Unspecified,Oct,N,M
93,2015,usa,Surfing,32,Unspecified,Oct,,M
94,2015,usa,Swimming,44,Tiger,Oct,N,M
95,2015,usa,Surfing,25,Tiger,Oct,N,M
96,2015,usa,Wading,13,Unspecified,Oct,N,M
97,2015,usa,Surfing,14,Unspecified,Oct,N,M
98,2015,usa,Surfing,22,Unspecified,Sep,N,M
99,2015,usa,Surfing,14,Unspecified,Sep,N,M
100,2015,usa,Spearfishing,27,Tiger,Sep,N,M
101,2015,usa,Wading,12,Unspecified,Sep,N,M
102,2015,australia,Surfing,42,Unspecified,Sep,N,M
103,2015,usa,Stand-Up Paddleboarding,50,White,Sep,N,F
104,2015,usa,Kayak Fishing,29,Unspecified,Sep,N,M
105,2015,australia,Surf-skiing,62,White,Sep,N,M
106,2015,thailand,Wading,37,Unspecified,Sep,N,F
107,2015,usa,Surfing,54,White,Aug,N,F
108,2015,usa,Surfing,21,White,Aug,N,M
109,2015,usa,Surfing,15,Unspecified,Aug,N,M
110,2015,usa,Walking,10,Unspecified,Aug,N,F
111,2015,usa,Kayak Fishing,22,White,Aug,N,M
112,2015,spain,Swimming,10,Unspecified,Aug,,M
113,2015,usa,Spearfishing,57,Unspecified,Aug,N,M
114,2015,australia,Surfing,52,White,Jul,N,M
115,2015,usa,Surfing,25,Unspecified,Jul,N,M
116,2015,usa,Floating,35,Unspecified,Jul,,F
117,2015,australia,Scallop diving on hookah,46,White,Jul,Y,M
118,2015,usa,Surfing,38,White,Jul,N,M
120,2015,australia,Body boarding ,32,White,Jul,N,M
121,2015,usa,Swimming,68,Unspecified,Jul,N,M
122,2015,usa,Playing in the water,12,Unspecified,Jun,N,M
123,2015,usa,Swimming,18,Bull,Jun,N,M
124,2015,south africa,Body Boarding,19,White,Jun,N,M
125,2015,south africa,Surfing,23,White,Jun,N,M
126,2015,usa,Standing,43,Unspecified,Jun,N,M
127,2015,usa,Swimming,6,Tiger,Jun,N,M
128,2015,australia,Surfing,37,White,Jun,N,F
129,2015,usa,Wading,16,Bull,Jun,N,M
130,2015,usa,Wading,12,Bull,Jun,N,F
131,2015,usa,Boogie boarding,13,Unspecified,Jun,N,F
132,2015,usa,Playing,11,Bull,Jun,N,M
133,2015,reunion,Surfing,47,Bull,Jun,N,M
134,2015,french polynesia,Spearfishing,19,Unspecified,May,N,M
135,2015,usa,Surfing,18,Unspecified,,N,M
136,2015,south africa,Diving,29,White,May,N,M
137,2015,usa,Wading,63,Unspecified,Apr,N,M
138,2015,australia,Surfing,26,White,Apr,N,M
139,2015,australia,Surf skiing ,71,White,Jun,N,M
140,2015,reunion,Surfing,13,Bull,Apr,Y,M
141,2015,usa,Spearfishing,70,Bull,Apr,N,M
142,2015,brazil,Surfing,23,Unspecified,Mar,,M
143,2015,usa,Standing / Snorkeling,58,Tiger,Mar,N,M
144,2015,french polynesia,Hand feeding sharks,9,Unspecified,Mar,N,M
145,2015,reunion,Swimming,22,Tiger,Feb,Y,F
146,2015,australia,Surfing,41,Unspecified,Feb,Y,M
147,2015,australia,Surfing,35,Unspecified,Feb,N,M
148,2015,australia,Rowing,57,Bull,Jan,N,M
149,2015,usa,Shark fishing,20,Unspecified,Jan,N,M
150,2015,bahamas,Snorkeling,34,White,Jan,N,F
151,2015,south africa,Surfing,15,Unspecified,Jan,N,M
152,2014,australia,Spearfishing,17,White,Dec,Y,M
153,2014,usa,Surfing,50,White,Dec,N,M
154,2014,australia,Fishing,40,Unspecified,Dec,N,M
155,2014,australia,Spearfishing,17,Tiger,Dec,Y,M
156,2014,usa,Surfing,44,Unspecified,Nov,N,M
157,2014,usa,Snorkeling,53,Unspecified,Nov,N,M
158,2014,usa,Surfing,34,Tiger,Oct,N,F
159,2014,australia,Surfing,13,Unspecified,Oct,N,F
160,2014,usa,Surfing,29,Unspecified,Oct,N,M
161,2014,usa,Surfing,15,Unspecified,Oct,N,M
162,2014,usa,Surfing,28,Unspecified,Oct,N,M
163,2014,australia,Surfing,23,White,Oct,N,M
164,2014,australia,Swimming,50,Unspecified,Sep,Y,M
165,2014,usa,Fishing ,43,Bull,Sep,N,M
166,2014,usa,Kayaking ,20,White,Sep,N,F
167,2014,usa,Fishing,52,Unspecified,Sep,N,M
168,2014,usa,Body surfing,13,Unspecified,Aug,N,F
169,2014,usa,Swimming,7,Bull,Aug,N,M
170,2014,usa,Boogie boarding,10,Unspecified,Aug,N,M
171,2014,south africa,Surfing,20,White,Aug,N,M
172,2014,usa,Swimming,61,Unspecified,Jul,N,M
173,2014,usa,Swimming,39,Unspecified,Jul,N,M
174,2014,bahamas,Shark diving,63,Unspecified,Jul,,M
175,2014,usa,Body surfing,19,Unspecified,Jul,N,M
176,2014,usa,Standing,16,Unspecified,Jun,N,M
177,2014,australia,Body boarding,39,Unspecified,Jun,N,M
178,2014,usa,Swimming,22,Bull,Jun,N,F
179,2014,australia,Surfing,35,White,May,N,M
180,2014,usa,Swimming,40,Unspecified,May,N,F
181,2014,usa,Surfing,23,Unspecified,May,N,M
182,2014,australia,Swimming,63,White,Apr,Y,F
183,2014,australia,Diving for lobsters,38,Unspecified,Mar,,M
184,2014,south africa,Swimming,66,Unspecified,Mar,Y,M
185,2014,french polynesia,Kitesurfing,21,Unspecified,Feb,N,M
186,2014,new zealand,Surfing,28,Unspecified,Feb,N,M
187,2013,new caledonia,Snorkeling,37,Bull,Dec,N,M
188,2013,south africa,Surfing,19,White,Dec,N,M
189,2013,usa,Boogie boarding,29,Tiger,Dec,N,M
190,2013,usa,Surfing,30,Unspecified,Dec,N,M
191,2013,australia,Surfing,26,Unspecified,Dec,N,M
192,2013,australia,Body boarding,19,Tiger,Nov,Y,M
193,2013,australia,Surfing,35,White,Nov,Y,M
194,2013,usa,Surfing,25,White,Nov,N,M
195,2013,usa,Kiteboarding,46,Tiger,Oct,N,M
196,2013,australia,Snorkeling,60,Unspecified,Oct,N,F
197,2013,reunion,Body boarding,24,Bull,Oct,N,M
198,2013,australia,Surfing,41,Unspecified,Oct,N,M
199,2013,usa,Diving ,45,White,Oct,N,M
200,2013,usa,Surfing,25,Tiger,Oct,N,M
201,2013,usa,Wading,6,Unspecified,Oct,N,M
202,2013,south africa,Swimming / snorkeling,74,White,Oct,Y,M
203,2013,australia,Diving for Abalone,55,White,Oct,N,M
204,2013,usa,Surfing,45,White,Oct,N,M
205,2013,usa,Swimming,21,Bull,Sep,N,M
206,2013,usa,Surfing,13,Unspecified,Sep,N,F
207,2013,usa,Surfing,43,Unspecified,Sep,N,M
208,2013,usa,Standing,25,Unspecified,Sep,N,M
209,2013,usa,Casting a net,9,Unspecified,Sep,N,M
210,2013,usa,Snorkeling,20,Tiger,Aug,Y,F
211,2013,usa,Surfing,10,Bull,Aug,N,M
212,2013,usa,Fishing,17,Bull,Aug,N,M
213,2013,bahamas,Spearfishing,40,Unspecified,Jul,N,M
214,2013,usa,Surfing,18,Tiger,Jul,N,M
215,2013,bahamas,Cleaning fish,64,Unspecified,Jul,N,M
216,2013,usa,Swimming,14,Unspecified,Jun,N,M
217,2013,usa,Swimming,28,Tiger,Jun,N,M
218,2013,usa,Boogie Boarding,10,Unspecified,Jun,N,F
219,2013,ecuador,Surfing,29,Unspecified,May,N,M
220,2013,reunion,Body boarding,36,Bull,May,Y,M
221,2013,usa,Surfing,16,Unspecified,May,N,M
222,2013,mexico,Swimming,34,Tiger,Apr,N,F
223,2013,australia,Fishing,51,Grey,Apr,N,M
224,2013,usa,Playing in the surf,9,Unspecified,Apr,N,M
225,2013,usa,Surfing,21,Bull,Apr,N,M
226,2013,french polynesia,Kite boarding,53,Unspecified,Apr,N,M
227,2013,usa,Surfing,58,Unspecified,Apr,N,M
228,2013,south africa,Fishing - 'tag & release',30,Unspecified,Mar,N,M
229,2013,jamaica,Spearfishing,68,Tiger,Mar,Y,M
230,2013,australia,Spearfishing,28,Unspecified,Mar,N,M
231,2013,new zealand,Swimming,46,White,Feb,Y,M
232,2013,usa,Surfing,16,Unspecified,Feb,N,M
233,2013,french polynesia,Scuba diving,48,Lemon,Feb,N,M
234,2013,usa,Surfing,43,Tiger,Jan,N,M
235,2012,australia,Surfing,23,Unspecified,Dec,N,M
236,2012,australia,Paddle boarding,29,Bull,Dec,N,M
237,2012,australia,Surfing,32,Tiger,Dec,N,M
238,2012,usa,Surfing,60,Unspecified,Dec,N,M
239,2012,australia,Spearfishing,31,Tiger,Dec,N,M
240,2012,usa,Snorkeling,61,Tiger,Nov,N,M
241,2012,mexico,Swimming,32,Unspecified,Nov,Y,M
242,2012,usa,Surfing,14,Unspecified,Nov,N,M
243,2012,usa,Diving,30,Tiger,Nov,N,M
244,2012,usa,Surfing,43,Tiger,Nov,N,M
245,2012,usa,Surfing,25,White,Oct,N,M
246,2012,usa,Swimming,51,Tiger,Oct,N,F
247,2012,usa,Surfing,39,White,Oct,Y,M
248,2012,usa,Paddle boarding,55,Unspecified,Oct,N,M
249,2012,australia,Bodyboarding,11,Unspecified,Oct,N,M
250,2012,usa,Surfing,21,Unspecified,Sep,N,M
251,2012,usa,Surfing,22,Unspecified,Sep,N,M
252,2012,usa,Boogie boarding,8,Unspecified,Sep,N,F
253,2012,usa,Swimming or boogie boarding,56,Unspecified,Sep,N,F
254,2012,usa,Free diving ,56,Lemon,Aug,N,M
255,2012,australia,Surfing,48,White,Jul,N,M
256,2012,usa,Body surfing,50,White,Jul,N,M
257,2012,australia,Surfing,24,White,Jul,Y,M
258,2012,usa,Kayaking,52,Unspecified,Jul,N,M
259,2012,south africa,Surfing,29,Unspecified,Jul,N,M
260,2012,usa,Swimming,6,Bull,Jun,N,M
261,2012,usa,Sitting in the water,16,Unspecified,Jun,N,F
262,2012,australia,Surf skiing ,62,Unspecified,Jun,N,M
263,2012,usa,Fishing,23,Unspecified,Jun,N,M
264,2012,usa,Swimming,18,Unspecified,Jun,N,F
265,2012,usa,Swimming,16,Unspecified,Jun,N,M
266,2012,australia,Surfing,42,Unspecified,Jun,N,M
267,2012,italy,Attempting to rescue an injured & beached shark,57,Unspecified,Jun,,M
268,2012,australia,Surf skiing ,30,White,Jun,N,M
269,2012,usa,Wading,33,Unspecified,May,N,F
270,2012,mexico,Free diving / spearfishing,46,Bull,May,N,M
271,2012,usa,Surfing,22,Unspecified,May,N,M
272,2012,usa,Kayaking / Fishing,30,White,May,N,M
273,2012,usa,Paddle boarding,15,White,May,N,F
274,2012,usa,Surfing,28,Unspecified,Apr,N,M
275,2012,south africa,Body boarding,20,White,Apr,Y,M
276,2012,usa,Surfing,28,Tiger,Apr,N,M
277,2012,australia,Scuba diving,33,White,Mar,Y,M
278,2012,australia,Surfing,20,Bull,Mar,N,M
279,2012,usa,Surfing,61,Bull,Mar,N,M
280,2012,usa,Surfing,15,Unspecified,Mar,N,F
281,2012,usa,Surfing,17,Unspecified,Mar,N,M
282,2012,australia,"Diving, feeding sharks",34,Unspecified,Mar,N,F
283,2012,usa,Kite Surfing,19,Unspecified,Mar,N,M
284,2012,australia,Snorkeling,26,Tiger,Jan,N,M
285,2012,australia,Surfing,44,White,Jan,N,M
286,2012,south africa,Swimming,25,Bull,Jan,Y,M
287,2012,australia,Surfing,28,Unspecified,Jan,N,M
288,2012,australia,Spearfishing,34,Tiger,Jan,N,M
289,2011,australia,Surfing,51,White,Dec,N,M
290,2011,australia,Swimming,10,Unspecified,Nov,N,M
291,2011,australia,Diving,32,White,Oct,Y,M
292,2011,australia,Diving,50,Unspecified,Oct,N,M
293,2011,usa,Surfing,27,Unspecified,Sep,,M
294,2011,south africa,Swimming,43,White,Sep,N,M
295,2011,usa,Spearfishing,21,Bull,Sep,N,M
296,2011,usa,Surfing,25,Unspecified,Sep,N,M
297,2011,papua new guinea,Kite Surfing,30,Tiger,Sep,N,M
298,2011,australia,Body boarding,21,White,Sep,Y,M
299,2011,usa,Surfing,19,Unspecified,Sep,N,M
300,2011,usa,Surfing,19,Unspecified,Aug,N,M
301,2011,australia,Swimming,48,Unspecified,Aug,,M
302,2011,south africa,Surfing,49,White,Aug,Y,M
303,2011,usa,Wading,20,Tiger,Aug,N,F
304,2011,russia,Swimming,25,Unspecified,Aug,N,M
305,2011,french polynesia,Surfing,32,Grey,Aug,N,M
306,2011,seychelles,Swimming or Snorkeling,30,Bull,Aug,Y,M
307,2011,south africa,Surfing,29,White,Jul,N,M
308,2011,south africa,Scuba diving,22,Bull,Jun,N,M
309,2011,usa,Playing in the surf,10,Bull,Jun,N,F
310,2011,usa,Scuba diving,28,Unspecified,Jun,N,M
311,2011,usa,Wading,19,Unspecified,Jun,N,M
312,2011,south africa,Spearfishing,28,Unspecified,May,Y,M
313,2011,new caledonia,Kite Boarding,15,Tiger,May,Y,M
314,2011,australia,Washing sand off a speared fish,17,Unspecified,Apr,N,M
315,2011,usa,Surfing ,49,Unspecified,Apr,N,M
316,2011,new zealand,Surfing,41,Unspecified,Apr,N,M
317,2011,australia,Surfing,48,Bull,Mar,N,M
318,2011,australia,Wakeboarding,24,Unspecified,Mar,N,F
319,2011,australia,Fishing,36,Bull,Feb,N,M
320,2011,new caledonia,Spearfishing,21,Unspecified,Feb,N,M
321,2011,australia,Diving for abalone,49,White,Feb,Y,M
322,2011,mexico,Swimming,38,Unspecified,Jan,N,F
323,2011,bahamas,Scuba diving,55,Unspecified,Jan,N,M
324,2011,australia,Swimming,7,Unspecified,Jan,,F
325,2010,usa,Body boarding,16,Unspecified,Dec,N,M
326,2010,egypt,Snorkeling,70,White,Dec,Y,F
327,2010,egypt,Snorkeling,54,Unspecified,Dec,N,M
328,2010,egypt,Snorkeling,46,Unspecified,Dec,N,M
329,2010,egypt,Snorkeling,70,White,Nov,N,F
330,2010,egypt,Snorkeling,48,White,Nov,N,F
331,2010,australia,Snorkeling,20,White,Oct,N,F
332,2010,usa,Scuba diving,30,Unspecified,Oct,N,M
333,2010,usa,Body boarding,19,White,Oct,Y,M
334,2010,australia,Surfing,22,Bull,Oct,N,M
335,2010,usa,Surfing,29,White,Sep,N,M
336,2010,australia,Surfing,15,Unspecified,Sep,N,M
337,2010,australia,Surfing,31,White,Aug,Y,M
338,2010,usa,Standing,37,Unspecified,Aug,N,F
339,2010,usa,Swimming,10,Unspecified,Jul,N,M
340,2010,usa,Swimming,13,Tiger,Jul,N,F
341,2010,spain,Swimming,9,Unspecified,Jul,N,M
342,2010,usa,Fishing,20,Unspecified,Jul,N,M
343,2010,usa,Surfing,19,Unspecified,Jul,N,M
344,2010,usa,Stand-Up Paddleboarding,48,Unspecified,Jul,N,M
345,2010,vietnam,Swimming,17,Unspecified,Jun,N,M
346,2010,usa,Boogie Boarding,18,Unspecified,Jun,N,F
347,2010,usa,Fishing,49,Lemon,May,N,M
348,2010,vietnam,Rescuing,58,Unspecified,May,N,F
349,2010,vietnam,Swimming,60,Unspecified,May,N,F
350,2010,usa,Wading,10,Unspecified,May,N,F
351,2010,usa,Measuring sharks,29,Lemon,Apr,N,M
352,2010,usa,Surfing,68,Unspecified,Apr,N,M
353,2010,south africa,Surfing,35,Unspecified,Apr,N,M
354,2010,egypt,Swimming / treading water,24,White,Apr,N,M
355,2010,reunion,Surfing,34,Unspecified,Mar,N,M
356,2010,australia,Snorkeling,60,Unspecified,Feb,N,F
357,2010,australia,Surfing,46,Unspecified,Feb,N,M
358,2010,australia,Body boarding,18,White,Feb,N,M
359,2010,guam,Spearfishing (free diving),31,Unspecified,Feb,,M
360,2010,new zealand,Boogie Boarding,14,Unspecified,Feb,N,F
361,2010,south africa,Standing,37,White,Jan,Y,M
362,2009,mozambique,Swimming,27,Unspecified,Dec,N,M
363,2009,australia,Spearfishing,18,Bull,Dec,N,M
364,2009,usa,Diving,58,Tiger,Dec,N,M
365,2009,usa,Surfing,49,Unspecified,Nov,,M
366,2009,usa,Wading,10,Unspecified,Nov,N,M
367,2009,usa,Fishing,31,Unspecified,Nov,N,M
368,2009,usa,Surfing,18,Unspecified,Nov,N,M
369,2009,australia,Kayaking,25,Unspecified,Nov,N,M
370,2009,australia,Kayaking,27,White,Oct,N,M
371,2009,usa,Surfing,54,Unspecified,Oct,N,M
372,2009,scotland,Diving,23,Unspecified,Oct,N,M
373,2009,united kingdom,Fishing,39,Unspecified,Oct,N,M
374,2009,usa,Swimming,60,Unspecified,Sep,Y,M
375,2009,south africa,Surfing,25,White,Aug,Y,M
376,2009,usa,Swimming,22,White,Aug,N,F
377,2009,usa,Wade Fishing,56,Bull,Aug,N,M
378,2009,usa,Swimming,43,Unspecified,Jul,N,F
379,2009,australia,Surfing,52,Unspecified,Jun,N,M
380,2009,usa,Crawling,14,Unspecified,Jun,,M
381,2009,egypt,Snorkeling,50,White,Jun,Y,F
382,2009,taiwan,Fishing,46,Unspecified,May,N,M
383,2009,usa,Surfing,31,Unspecified,May,N,M
384,2009,usa,Surfing,49,Unspecified,May,N,M
385,2009,usa,Surfing,55,Unspecified,May,N,M
386,2009,guam,Spearfishing,27,Unspecified,May,N,M
387,2009,usa,Surfing,31,Unspecified,Apr,N,M
388,2009,australia,Surf skiing ,40,Unspecified,Apr,N,M
389,2009,south africa,Swimming,24,Unspecified,Apr,,M
390,2009,australia,Surfing,17,Unspecified,Mar,N,M
391,2009,usa,Surfing,17,Unspecified,Mar,N,F
392,2009,usa,Swimming,61,Unspecified,Mar,N,M
393,2009,south africa,Fishing,40,Unspecified,Mar,N,M
394,2009,australia,Surfing,15,Unspecified,Mar,N,M
395,2009,australia,Surfing,33,White,Feb,N,M
396,2009,australia,"Diving, but on the surface when bitten by the shark",31,Bull,Feb,N,M
397,2009,australia,Surfing,41,White,Feb,N,M
398,2009,cuba,Spearfishing,15,Bull,Jan,N,M
399,2009,south africa,Swimming,25,Tiger,Jan,Y,M
400,2009,australia,Snorkeling,24,Unspecified,Jan,N,M
401,2009,australia,Surfing,13,White,Jan,N,F
402,2009,australia,Surfing,31,White,Jan,N,M
403,2009,new zealand,Swimming,49,Unspecified,Jan,N,M
404,2008,australia,Kayaking,29,White,Dec,N,M
405,2008,australia,Snorkeling,51,White,Dec,Y,M
406,2008,south africa,Fishing,15,Unspecified,Dec,N,M
407,2008,australia,Scuba diving,34,Grey,Oct,N,M
408,2008,croatia,Spearfishing,43,White,Oct,N,M
409,2008,usa,Surfing,40,Unspecified,Sep,N,M
410,2008,australia,Swimming,43,Unspecified,Sep,N,M
411,2008,usa,Surfing,40,Tiger,Sep,N,M
412,2008,australia,Surfing,51,Unspecified,Sep,N,M
413,2008,usa,Surfing,52,Unspecified,Sep,N,M
414,2008,usa,Swimming,27,Unspecified,Aug,,M
415,2008,usa,Surfing,26,Unspecified,Aug,N,M
416,2008,usa,Surfing,20,Unspecified,Aug,,F
417,2008,usa,Treading water,38,Bull,Aug,N,F
418,2008,australia,Surfing,31,White,Jul,N,M
419,2008,usa,Wading,8,Unspecified,Jul,N,F
420,2008,usa,Wading,16,Unspecified,Jul,N,M
421,2008,usa,Wading,53,Unspecified,Jun,,M
422,2008,south africa,Surf skiing ,46,White,Jun,N,M
423,2008,usa,Swimming,37,Unspecified,Jun,N,M
424,2008,usa,Kayaking,40,White,Jun,N,F
425,2008,usa,Body surfing,15,Unspecified,Jun,N,F
426,2008,brazil,Swimming,14,Bull,Jun,N,M
427,2008,mexico,Surfing,49,Unspecified,May,N,M
428,2008,australia,Swimming,37,White,May,N,M
429,2008,new caledonia,Fishing,40,Bull,May,N,M
430,2008,mexico,Surfing,24,Tiger,Apr,Y,M
431,2008,usa,Surfing,18,Unspecified,Apr,N,M
432,2008,new caledonia,Swimming,32,Bull,Apr,N,M
433,2008,usa,Swimming,66,White,Apr,Y,M
434,2008,mexico,Swimming,32,Unspecified,Apr,,M
435,2008,australia,Surfing,19,Unspecified,Apr,,M
436,2008,usa,Surfing,30,Unspecified,Apr,N,M
437,2008,australia,Body boarding,16,Bull,Apr,Y,M
438,2008,usa,Surfing,52,Unspecified,Mar,N,M
439,2008,usa,Walking out of the water after surfing,13,Unspecified,Mar,N,M
440,2008,usa,Jet skiing,8,Unspecified,Mar,N,M
441,2008,usa,Surfing,27,White,Mar,N,M
442,2008,bahamas,Diving,49,Bull,Feb,Y,M
443,2008,australia,Accidentally stood on hooked shark's tail before attempting to gut it ,20,Unspecified,Jan,N,M
444,2007,australia,Surfing,31,Unspecified,Dec,N,M
445,2007,australia,Swimming,34,Unspecified,Dec,,M
446,2007,usa,Surfing,52,Tiger,Dec,N,M
447,2007,south africa,Surfing,14,Unspecified,Nov,N,M
448,2007,usa,Surfing,21,Unspecified,Nov,N,M
449,2007,usa,Surfing,42,Unspecified,Nov,N,M
450,2007,south africa,Surfing,37,White,Nov,N,M
451,2007,usa,Floating,32,Tiger,Oct,N,M
452,2007,australia,Surf-skiing,52,White,Oct,N,F
453,2007,australia,Spearfishing,31,Unspecified,Oct,N,M
454,2007,usa,Surfing,22,Unspecified,Oct,N,M
455,2007,usa,Surfing,16,Unspecified,Oct,N,M
456,2007,new caledonia,Swimming,23,Tiger,Sep,Y,F
457,2007,bahamas,Spearfishing,48,Unspecified,Sep,N,F
458,2007,egypt,Swimming,18,White,Sep,N,F
459,2007,usa,Surfing,23,Unspecified,Sep,N,M
460,2007,usa,Surfing,,Unspecified,Sep,N,F
461,2007,usa,Snorkeling,14,Unspecified,Sep,N,M
462,2007,usa,Jumping,12,Unspecified,Sep,N,F
463,2007,usa,Swimming,58,Unspecified,Sep,N,M
464,2007,usa,Body boarding,15,Tiger,Aug,N,M
465,2007,usa,Surfing,24,White,Aug,N,M
466,2007,usa,Surfing,54,Unspecified,Aug,N,M
467,2007,usa,Surfing,27,Unspecified,Aug,N,M
468,2007,usa,Surfing,16,Unspecified,Aug,N,M
469,2007,usa,Floating near boat & observing bioluminesce,20,Bull,Aug,N,M
470,2007,usa,Swimming,15,Unspecified,Aug,N,F
471,2007,usa,Jumped into the water,19,Bull,Aug,N,F
472,2007,usa,Snorkeling,36,Unspecified,Jul,N,M
473,2007,australia,Wading,15,Unspecified,Jul,N,M
474,2007,usa,Swimming,14,Unspecified,Jul,N,M
475,2007,usa,Swimming,43,Unspecified,Jul,,F
476,2007,usa,Wading,30,Unspecified,Jul,N,F
477,2007,bahamas,Spearfishing,48,Bull,Jul,N,F
478,2007,usa,Surfing,20,Unspecified,Jun,N,M
479,2007,usa,Surfing,9,Unspecified,Jun,,F
480,2007,usa,Reviving a sedated shark,40,Unspecified,May,N,F
481,2007,england,Fishing,38,Unspecified,May,N,M
482,2007,australia,Wading,38,Unspecified,May,N,F
483,2007,australia,Surfing,19,Unspecified,May,N,M
484,2007,usa,Surfing,21,Unspecified,May,N,F
485,2007,australia,Swimming,45,Unspecified,May,,M
486,2007,usa,Snorkeling,63,Tiger,May,N,F
487,2007,usa,Swimming,68,Unspecified,May,N,M
488,2007,australia,Swimming / jumping off a jetty,13,Unspecified,Apr,N,F
489,2007,usa,Body boarding,12,Unspecified,Apr,N,M
490,2007,usa,Surfing,24,Unspecified,Apr,N,M
491,2007,new caledonia,Surfing,26,Tiger,Apr,N,M
492,2007,usa,Surfing,27,Unspecified,Mar,N,M
493,2007,usa,Surfing,11,Unspecified,Mar,N,M
494,2007,australia,Surfing,42,Unspecified,Mar,N,F
495,2007,australia,Swimming,59,Unspecified,Mar,N,F
496,2007,new caledonia,Spearfishing (free diving),30,Tiger,Jan,N,M
497,2007,australia,Diving,41,White,Jan,N,M
498,2007,south africa,Swimming / Body Surfing,24,Tiger,Jan,Y,M
499,2007,usa,Surfing,54,Unspecified,Jan,,M
500,2007,usa,Surfing,24,Tiger,Jan,N,M
501,2006,australia,Surfing,25,Unspecified,Dec,N,M
502,2006,new zealand,Surfing,10,Unspecified,Dec,N,M
503,2006,usa,Surfing,43,White,Dec,N,M
504,2006,south africa,Fishing,25,Unspecified,Dec,N,M
505,2006,australia,Body boarding,15,White,Dec,N,M
506,2006,usa,Swimming,29,Unspecified,Nov,N,M
507,2006,usa,Surfing,22,White,Oct,N,M
508,2006,usa,Playing soccer in the water,18,Unspecified,Oct,N,M
509,2006,usa,Swimming,55,Unspecified,Sep,N,M
510,2006,australia,Diving,44,Unspecified,Sep,,M
511,2006,usa,Standing,33,Unspecified,Sep,N,M
512,2006,south africa,Lifesaving drill,24,White,Aug,N,M
513,2006,usa,Surfing,41,White,Jul,N,M
514,2006,south africa,Surf-skiing,19,White,Jul,N,M
515,2006,usa,Surfing,14,Unspecified,Jul,N,M
516,2006,usa,Standing,49,Unspecified,Jul,N,M
517,2006,usa,Body boarding,14,Bull,Jul,N,F
518,2006,usa,Surfing,22,Unspecified,Jun,N,F
519,2006,usa,Surfing,24,Unspecified,Jun,N,M
520,2006,usa,Playing,7,Unspecified,Jun,N,F
521,2006,australia,Surfing,40,White,Jun,N,M
522,2006,usa,Spearfishing,26,Tiger,May,N,M
523,2006,usa,Spearfishing,15,Grey,May,N,M
524,2006,usa,Scuba diving,30,Tiger,May,N,F
525,2006,australia,Snorkeling,46,Unspecified,May,N,M
526,2006,usa,Fishing,35,Bull,Apr,N,M
527,2006,australia,Surfing,15,Unspecified,Apr,N,M
528,2006,south africa,Body boarding,15,Unspecified,Apr,N,M
529,2006,brazil,Swimming,35,Tiger,Apr,N,M
530,2006,usa,Surfing,28,Tiger,Mar,N,F
531,2006,fiji,Surfing,21,Tiger,Mar,N,M
532,2006,australia,Surfing,15,Unspecified,Mar,N,M
533,2006,usa,Standing,15,Unspecified,Feb,N,F
534,2006,usa,Free diving,45,Unspecified,Feb,,M
535,2006,south africa,Surfing,15,Unspecified,Feb,N,M
536,2006,tonga,Swimming,24,Tiger,Feb,Y,F
537,2006,usa,Kayaking,57,Unspecified,Feb,N,M
538,2006,australia,Scuba diving,52,White,Jan,N,M
539,2006,australia,Swimming,21,Bull,Jan,Y,F
540,2006,usa,Surfing,21,Unspecified,Jan,N,M
541,2005,usa,Surfing,30,White,Dec,N,M
542,2005,usa,Swimming,29,Tiger,Dec,N,M
543,2005,australia,Spearfishing,44,White,Dec,N,M
544,2005,usa,Surfing,23,Unspecified,Nov,N,M
545,2005,australia,Surfing,18,Unspecified,Nov,N,M
546,2005,usa,Surfing,30,Unspecified,Nov,N,M
547,2005,south africa,Fishing for sharks,32,Unspecified,Nov,N,M
548,2005,usa,Surfing,18,Unspecified,Nov,N,M
549,2005,usa,Surfing,26,White,Nov,N,M
550,2005,st. maartin,Standing,55,Unspecified,Oct,N,M
551,2005,south africa,Standing / Surfing,20,Unspecified,Oct,N,M
552,2005,usa,Surfing,36,White,Oct,N,M
553,2005,usa,Surfing,20,White,Oct,N,F
554,2005,usa,Surfing,22,Tiger,Oct,N,M
555,2005,grand cayman,Scuba diving,57,Unspecified,Oct,N,F
556,2005,south africa,Surf-skiing,52,White,Oct,N,M
557,2005,australia,Surfing,26,White,Sep,N,M
558,2005,australia,Surfing,44,Unspecified,Sep,N,M
559,2005,usa,Body surfing,68,Unspecified,Sep,N,F
560,2005,usa,Wading,18,Bull,Sep,N,F
561,2005,australia,Surfing,40,White,Sep,N,M
562,2005,australia,Scuba diving,23,White,Aug,Y,M
563,2005,usa,Surfing,37,White,Aug,N,M
564,2005,usa,"Boogie boarding, kicked at object in the water",17,Unspecified,Aug,,M
565,2005,usa,Swimming,8,Unspecified,Aug,N,M
566,2005,usa,Surfing,16,Unspecified,Aug,N,M
567,2005,usa,Surfing,25,Unspecified,Jul,,M
568,2005,usa,Swimming,22,Unspecified,Jul,N,M
569,2005,usa,Holding onto an inflatable boat,14,Unspecified,Jul,N,F
570,2005,usa,Fishing,16,Bull,Jun,N,M
571,2005,usa,Swimming with boogie board,14,Bull,Jun,Y,F
572,2005,vanuatu,Swimming,7,Unspecified,Jun,Y,F
573,2005,usa,Swimming,49,Unspecified,Jun,,M
574,2005,usa,Swimming,20,Unspecified,Jun,N,M
575,2005,usa,Surfing,17,White,Jun,,M
576,2005,south africa,Spearfishing (Free diving),22,White,Jun,Y,M
577,2005,usa,Swimming,33,Unspecified,May,N,M
578,2005,south africa,Surfing,32,Unspecified,May,N,M
579,2005,usa,Surfing,47,Tiger,May,N,M
580,2005,australia,Fishing,25,Unspecified,Apr,N,M
581,2005,australia,Surfing,40,Unspecified,Apr,N,M
582,2005,south africa,Surfing,32,Unspecified,Mar,N,M
583,2005,australia,Snorkeling,26,White,Mar,Y,M
584,2005,usa,Diving in aquarium display tank,45,Tiger,Mar,N,M
585,2005,new zealand,Fishing from a kayak,39,White,Jan,N,M
586,2004,australia,Scurfing (surfboard being  towed behind a boat),18,White,Dec,Y,M
587,2004,australia,Spearfishing,38,Bull,Dec,Y,M
588,2004,south africa,Surfing,20,Unspecified,Nov,N,M
589,2004,south africa,Swimming,77,White,Nov,Y,F
590,2004,usa,Surfing,38,White,Nov,N,F
591,2004,cuba,Diving,40,Bull,Oct,N,M
592,2004,south africa,Chumming for white sharks,52,White,Oct,N,M
593,2004,australia,Surfing,59,Unspecified,Oct,N,M
594,2004,usa,Spearfishing,34,Tiger,Oct,N,M
595,2004,south africa,Surfing,34,Unspecified,Oct,N,M
596,2004,reunion,Body boarding,15,Tiger,Oct,N,M
597,2004,usa,Surfing,26,White,Sep,N,M
598,2004,usa,Jumping,17,Unspecified,Sep,N,F
599,2004,brazil,Bathing,24,Tiger,Aug,N,M
600,2004,usa,Diving,50,White,Aug,Y,M
601,2004,usa,Swimming,47,Unspecified,Aug,N,M
602,2004,usa,Swimming,13,Unspecified,Jul,N,F
603,2004,usa,Swimming,19,Unspecified,Jul,N,F
604,2004,usa,Wading / fishing & carrying a bag of fish,11,Bull,Jul,N,M
605,2004,australia,Surfing,30,Unspecified,Jul,Y,M
606,2004,usa,Wading,7,Unspecified,Jul,N,M
607,2004,usa,Surfing,45,White,Jun,N,M
608,2004,australia,Body boarding,17,Unspecified,Jun,N,M
609,2004,usa,Swimming,8,Unspecified,Jun,N,M
610,2004,south africa,"Swimming, poaching perlemoen",21,White,Jun,Y,M
611,2004,usa,Wading,16,Unspecified,May,N,M
612,2004,brazil,Swimming,17,Bull,May,N,M
613,2004,usa,Surfing,44,Unspecified,May,N,M
614,2004,bahamas,Free diving & spearfishing,63,Unspecified,May,N,M
615,2004,usa,Tandem surfing,28,Unspecified,May,N,M
616,2004,usa,Surfing,57,Tiger,Apr,Y,M
617,2004,south africa,Surfing,16,White,Apr,N,M
618,2004,usa,Surfing,20,Bull,Mar,N,M
619,2004,brazil,Body boarding,22,Bull,Mar,N,M
620,2004,reunion,Surfing,20,Unspecified,Mar,N,M
621,2004,usa,Surfing,51,Tiger,Mar,N,M
622,2004,new zealand,Surfing,15,Unspecified,Feb,N,M
623,2004,australia,Free diving & spearfishing,31,Unspecified,Feb,,M
624,2004,australia,Scuba diving,46,White,Jan,N,M
625,2004,venezuela,Spearfishing,40,Bull,Jan,N,M
626,2003,south africa,Spearfishing,21,Tiger,Nov,Y,M
627,2003,usa,Surfing,35,Unspecified,Nov,N,F
628,2003,usa,Surfing,18,Unspecified,Oct,N,M
629,2003,australia,Surfing,22,Grey,Oct,N,M
630,2003,usa,Surfing,13,Tiger,Oct,N,F
631,2003,usa,Snorkeling,56,Unspecified,Oct,,M
632,2003,usa,Surfing,19,Unspecified,Oct,N,M
633,2003,usa,Wading near a fishing net,41,Grey,Oct,N,F
634,2003,usa,Surfing,30,Unspecified,Sep,N,M
635,2003,usa,Swimming,8,Unspecified,Sep,,F
636,2003,usa,Body boarding,18,Unspecified,Sep,N,M
637,2003,usa,"Standing, stepped on shark",15,Unspecified,Sep,N,M
638,2003,south africa,Body boarding,19,White,Sep,Y,M
639,2003,usa,"Swimming, wearing black wetsuit & swim fins",50,White,Aug,Y,F
640,2003,usa,Swimming,31,Unspecified,Aug,,M
641,2003,south africa,Sitting on surfboard,16,White,Aug,N,M
642,2003,bahamas,Spearfishing,58,Unspecified,Jul,N,M
643,2003,usa,"Walking, carrying surfboard & stepped on shark",10,Unspecified,Jul,N,M
644,2003,bahamas,Spearfishing,39,Bull,Jul,N,M
645,2003,usa,Surfing,17,Unspecified,Jun,N,M
646,2003,usa,Surfing,15,Unspecified,Jun,N,M
647,2003,usa,Standing,12,Unspecified,Jun,N,F
648,2003,usa,Swimming with pod of dolphins,60,Unspecified,Jun,N,M
649,2003,usa,Surfing ,33,Unspecified,Jun,N,M
650,2003,usa,Wading,22,Unspecified,May,N,M
651,2003,usa,Swimming,20,Grey,May,N,M
652,2003,usa,Surfing,34,Unspecified,May,N,M
653,2003,brazil,Surfing,17,Bull,Apr,N,M
654,2003,usa,Surfing,36,Unspecified,Apr,N,M
655,2003,usa,Surfing,17,Unspecified,Apr,N,M
656,2003,usa,Surfing,30,Unspecified,Apr,N,M
657,2003,usa,Surfing,23,Unspecified,Apr,N,M
658,2003,usa,Surfing,18,Unspecified,Apr,N,M
659,2003,usa,Jumping,11,Unspecified,Apr,N,M
660,2003,usa,Surfing,12,Unspecified,Apr,N,M
661,2003,usa,Swimming (using a float),20,Unspecified,Apr,N,M
662,2003,venezuela,Surfing,28,Unspecified,Apr,N,M
663,2003,usa,Surfing,50,Unspecified,Apr,N,M
664,2003,new zealand,Scuba diving,44,White,Feb,N,M
665,2003,australia,Wading,37,Unspecified,Feb,N,M
666,2003,usa,Swimming,54,Unspecified,Feb,N,M
667,2003,australia,Swimming,24,Grey,Feb,N,M
668,2003,australia,Swimming,84,Bull,Feb,Y,M
669,2003,south africa,Unknown,14,Unspecified,Jan,,M
670,2002,south africa,Snorkeling,25,White,Dec,N,M
671,2002,australia,Swimming,23,Bull,Dec,Y,M
672,2002,usa,Body boarding,48,White,Nov,N,M
673,2002,usa,Swimming,34,Grey,Nov,N,F
674,2002,turks & caicos,Snorkeling,41,Unspecified,Nov,N,F
675,2002,usa,Surfing,21,Unspecified,Nov,N,M
676,2002,usa,Boogie boarding,16,Unspecified,Nov,N,M
677,2002,usa,Swimming,60,Unspecified,Oct,N,F
678,2002,brazil,Swimming,36,Tiger,Oct,Y,M
679,2002,usa,Surfing,14,Unspecified,Oct,N,M
680,2002,usa,Surfing,35,Unspecified,Oct,N,M
681,2002,usa,Surfing,18,Unspecified,Oct,N,M
682,2002,usa,Surfing,47,Unspecified,Sep,N,M
683,2002,usa,Fishing from Surfboard,55,Unspecified,Sep,N,M
684,2002,usa,Fishing,,Unspecified,Sep,N,M
685,2002,tonga,Swimming,,Tiger,Sep,N,M
686,2002,usa,Boogie boarding or Surfing,24,Unspecified,Sep,N,M
687,2002,usa,Surfing,35,Unspecified,Sep,N,M
688,2002,brazil,Swimming,19,Tiger,Sep,N,M
689,2002,south africa,Surf skiing,47,White,Sep,N,M
690,2002,usa,Boogie boarding,20,Unspecified,Sep,N,M
691,2002,usa,"Wading, when he stepped on the shark",36,Unspecified,Sep,N,M
692,2002,usa,Surfing,16,Tiger,Aug,N,M
693,2002,usa,Surfing,27,Unspecified,Aug,N,M
694,2002,usa,Surfing,15,Unspecified,Aug,N,M
695,2002,usa,Standing,14,Unspecified,Aug,N,M
696,2002,usa,Surfing,13,Unspecified,Jul,N,M
697,2002,usa,Swimming,15,Bull,Jul,N,F
698,2002,usa,Shark Fishing,41,Unspecified,Jul,Y,M
699,2002,brazil,Surfing,22,Tiger,Jul,N,M
700,2002,usa,Standing,9,Bull,Jul,N,F
701,2002,usa,Surfing,28,Unspecified,Jun,N,M
702,2002,usa,Surfing,50,Unspecified,Jun,N,M
703,2002,south africa,Snorkeling (filming the sardine run),50,Unspecified,Jun,N,M
704,2002,usa,Surfing,24,White,May,N,M
705,2002,usa,Floating on a raft,16,Unspecified,May,N,M
706,2002,usa,"Fishing, removing the shark from his line",55,Unspecified,May,N,M
707,2002,australia,Scallop diving (using surface-supplied air & a POD) ,23,White,Apr,Y,M
708,2002,usa,"Surfing, but standing in water alongside board",34,Unspecified,Apr,N,M
709,2002,bahamas,Standing,43,Bull,Apr,N,M
710,2002,usa,Wading,41,Unspecified,Apr,N,M
711,2002,usa,Swimming / Wading,29,Unspecified,Apr,N,M
712,2002,usa,Body-boarding,17,Tiger,Mar,N,M
713,2002,usa,Wading,11,Unspecified,Mar,N,F
714,2002,usa,Swimming /  boogie boarding,20,Unspecified,Mar,N,M
715,2002,usa,Snorkeling,39,Unspecified,Mar,N,M
716,2002,usa,Surfing,31,Unspecified,Mar,N,M
717,2002,australia,Surfing,30,Unspecified,Feb,N,M
718,2002,australia,Kayaking,35,Unspecified,Feb,N,M
719,2002,australia,Surfing,20,Tiger,Jan,N,M
720,2002,south africa,Fishing,16,Unspecified,Jan,N,M
721,2002,south africa,Surf skiing,26,Unspecified,Jan,N,M
722,2002,usa,Snorkeling,35,Tiger,Jan,N,M
723,2001,australia,Snorkeling,20,Unspecified,Oct,N,F
724,2001,mexico,Body surfing,26,Tiger,Sep,N,M
725,2001,usa,"Surfing, fell off surfboard & stepped on the shark.",21,Unspecified,Sep,N,M
726,2001,usa,Wreck / Technical diving,42,Unspecified,Sep,Y,M
727,2001,usa,Boogie boarding,6,Unspecified,Sep,N,M
728,2001,usa,Swimming ,28,White,Sep,Y,M
729,2001,usa,Swimming,23,White,Sep,N,F
730,2001,usa,Wading,20,Unspecified,Sep,N,M
731,2001,usa,Swimming ,10,Bull,Sep,Y,M
732,2001,bahamas,Spearfishing,44,Bull,Aug,N,M
733,2001,usa,Surfing,17,Unspecified,Aug,N,M
734,2001,usa,Surfing,20,Unspecified,Aug,N,M
735,2001,usa,Surfing,19,Unspecified,Aug,N,M
736,2001,usa,Surfing,19,Unspecified,Aug,N,M
737,2001,bahamas,Spearfishing,43,Bull,Aug,N,M
738,2001,usa,Boogie boarding,18,Unspecified,Jul,N,M
739,2001,usa,Swimming,8,Bull,Jul,N,M
740,2001,usa,Spearfishing,52,White,Jun,N,M
741,2001,usa,Wading,29,Unspecified,Jun,N,F
742,2001,usa,Surfing,45,Unspecified,May,N,M
743,2001,usa,Surfing,12,Unspecified,Apr,N,M
744,2001,usa,Surfing,21,Unspecified,Apr,N,M
745,2001,usa,Body boarding,12,Unspecified,Apr,N,M
746,2001,usa,Surfing,22,Unspecified,Apr,N,M
747,2001,usa,Surfing,19,Unspecified,Apr,N,M
748,2001,south africa,Surfing,46,White,Apr,N,M
749,2001,usa,Standing alongside surfboard,26,Unspecified,Apr,N,M
750,2001,australia,Surfing,40,Unspecified,Apr,N,M
751,2001,australia,Surfing,40,Unspecified,Feb,N,M
752,2000,fiji,Swimming back from anchored sailboat,47,Unspecified,Dec,Y,M
753,2000,australia,Spearfishing,38,Unspecified,Dec,N,M
754,2000,usa,Swimming,73,Unspecified,Nov,N,M
755,2000,australia,Swimming,52,White,Nov,N,M
756,2000,australia,Swimming,49,White,Nov,Y,M
757,2000,usa,Surfing,27,White,Nov,N,M
758,2000,usa,Swimming / snorkeling,56,Tiger,Oct,N,F
759,2000,usa,Surfing,17,Unspecified,Oct,N,M
760,2000,usa,Surfing,23,Unspecified,Oct,N,M
761,2000,australia,Surfing,17,White,Sep,Y,M
762,2000,australia,Surfing,25,White,Sep,Y,M
763,2000,okinawa,Surfing,31,White,Sep,Y,M
764,2000,usa,Swimming / Body surfing,25,Unspecified,Sep,N,M
765,2000,south africa,Free diving,48,White,Sep,N,M
766,2000,usa,Wading,40,Unspecified,Sep,N,M
767,2000,reunion,Surfing,27,Tiger,Sep,N,M
768,2000,usa,Swimming,47,Unspecified,Aug,N,M
769,2000,usa,Jumped into the water,69,Bull,Aug,Y,M
770,2000,usa,"Windsurfing, but sitting on his board",53,Tiger,Aug,N,M
771,2000,usa,Surfing / Wading,27,Unspecified,Aug,N,M
772,2000,usa,Standing,44,Unspecified,Aug,N,F
773,2000,usa,Playing,12,Tiger,Jul,N,F
774,2000,usa,"Spearfishing, holding mesh bag with speared fish",55,Unspecified,Jul,N,F
775,2000,usa,Wading,13,Unspecified,Jul,N,F
776,2000,usa,Standing,19,Unspecified,Jul,N,F
777,2000,usa,Surfing,17,Unspecified,Jun,N,M
778,2000,usa,Swimming,55,Bull,Jun,N,M
779,2000,usa,Swimming ,44,Bull,Jun,N,M
780,2000,australia,Swimming,26,Unspecified,Mar,N,M
781,2000,usa,Boogie boarding,14,Unspecified,Mar,N,F
782,2000,usa,Surfing,37,Unspecified,Mar,N,M
783,2000,new caledonia,Spearfishing,35,Tiger,Mar,Y,M
784,2000,usa,Spearfishing,39,Unspecified,Mar,N,M
785,1999,brazil,Spearfishing,39,Unspecified,Dec,N,M
786,1999,usa,Swimming,51,Tiger,Nov,N,F
787,1999,brazil,"Spearfishing, but swimming at surface",39,Unspecified,Nov,N,M
788,1999,usa,"Surfing, lying on surfboard",16,Tiger,Oct,N,M
789,1999,usa,Kayaking,37,White,Sep,N,M
790,1999,usa,Surfing,28,Unspecified,Aug,N,M
791,1999,marshall islands,Fishing,23,Unspecified,Aug,N,M
792,1999,usa,Lying prone in 2' of water,10,Unspecified,Aug,N,M
793,1999,usa,Body surfing,62,Unspecified,Aug,N,M
794,1999,bahamas,Spearfishing & holding catch,35,Bull,Aug,N,M
795,1999,south africa,Surfing,42,White,Jul,N,M
796,1999,usa,Swimming with dolphins,43,Bull,Jul,N,M
797,1999,usa,Surfing,43,Tiger,Jul,N,M
798,1999,south africa,Boogie boarding,14,White,Jul,Y,M
799,1999,usa,Wading in school of baitfish,30,Unspecified,Jul,N,F
800,1999,south africa,Surfing,29,White,Jul,N,M
801,1999,usa,Surfing,21,Unspecified,Jun,N,M
802,1999,usa,Splashing / wading,5,Unspecified,Jun,N,M
803,1999,australia,Windsurfing,22,White,May,Y,M
804,1999,brazil,Surfing,21,Tiger,May,N,M
805,1999,mauritius,Swimming,41,Grey,Apr,N,F
806,1999,reunion,Swimming after being swept into sea by a large wave,52,Bull,Apr,Y,M
807,1999,usa,Swimming near pod of whales,29,Unspecified,Mar,N,F
808,1999,australia,Surfing,35,Tiger,Feb,N,M
809,1999,usa,Surfing,25,Unspecified,Feb,N,M
810,1999,south africa,Spearfishing,30,White,,N,M
811,1998,south africa,Surfing,18,White,Dec,N,M
812,1998,usa,Swimming,9,Tiger,Nov,Y,M
813,1998,usa,Surfing,14,Unspecified,Nov,N,M
814,1998,usa,Walking,13,Unspecified,Nov,N,M
815,1998,brazil,Surfing,22,White,Nov,Y,M
816,1998,usa,Surfing,26,Unspecified,Aug,N,M
817,1998,usa,Boogie boarding,16,White,Aug,N,M
818,1998,bahamas,Spearfishing,28,Unspecified,Aug,N,M
819,1998,south africa,Spearfishing,24,White,Aug,N,M
820,1998,south africa,Surfing,16,Unspecified,Jul,N,M
821,1998,australia,Free diving for abalone,26,White,Jun,Y,M
822,1998,south africa,Body Boarding,20,White,Jun,Y,M
823,1998,south africa,Body boarding,15,White,May,N,M
824,1998,south africa,Body boarding,16,Unspecified,May,N,M
825,1998,usa,Surfing,40,Lemon,May,N,M
826,1998,usa,Swimming,14,Unspecified,May,N,F
827,1998,south africa,Body boarding,22,White,May,N,M
828,1998,mozambique,Towing rubber dinghy,35,Unspecified,Apr,Y,F
829,1998,usa,Surfing (lying prone on his board),50,White,Apr,N,M
830,1998,south africa,Snorkeling Â– hunting crayfish and abalone,33,White,Mar,N,M
831,1998,usa,Swimming or paddle boarding,32,Unspecified,Mar,N,M
832,1998,australia,Spearfishing,31,Unspecified,Jan,,M
833,1998,mozambique,Surfing,23,Unspecified,Jan,N,M
834,1997,south africa,Spearfishing,39,White,Dec,Y,M
835,1997,australia,Scuba diving (submerged riding a scooter),42,White,Nov,N,M
836,1997,usa,Body boarding or surfing,19,Tiger,Oct,N,M
837,1997,usa,Surfing,23,Unspecified,Oct,N,M
838,1997,usa,Surfing,12,Unspecified,Oct,N,M
839,1997,usa,Surfing (sitting on his board),29,White,Aug,N,M
840,1997,usa,Body surfing,17,Unspecified,Aug,N,M
841,1997,usa,Wading / Surfing,19,Unspecified,Aug,N,M
842,1997,south africa,Surfing,25,White,Jul,Y,M
843,1997,usa,Standing,50,Unspecified,Jul,N,M
844,1997,fiji,Snorkeling,47,Tiger,Jun,N,F
845,1997,usa,Surfing,18,Unspecified,Jun,N,M
846,1997,usa,"Body surfing, stood up on sandbar",33,Unspecified,Jun,N,M
847,1997,usa,Spearfishing,35,Unspecified,May,N,M
848,1997,usa,Surfing,34,Unspecified,May,N,M
849,1997,usa,Surfing,12,Unspecified,May,N,M
850,1997,australia,Scuba diving,30,Tiger,Feb,N,M
851,1997,australia,Snorkeling,27,Unspecified,Jan,N,M
852,1997,australia,Windsurfing,41,Tiger,Jan,Y,M
853,1996,usa,Surfing,45,White,Nov,N,M
854,1996,usa,Surfing,22,White,Oct,N,M
855,1996,usa,Surfing,21,Unspecified,Oct,N,M
856,1996,usa,Surfing,31,White,Oct,N,M
857,1996,new zealand,Diving for abalone,23,White,Sep,N,M
858,1996,usa,Surfing / Swimming,19,Unspecified,Sep,N,M
859,1996,usa,Boogie boarding,28,Unspecified,Sep,,F
860,1996,south africa,Spearfishing,29,White,Sep,N,M
861,1996,usa,Body Boarding,19,Tiger,Aug,N,M
862,1996,usa,Free diving for abalone,36,White,Aug,N,M
863,1996,usa,Wade fishing,21,Unspecified,Aug,N,M
864,1996,usa,Standing,63,Unspecified,Jul,N,F
865,1996,south africa,Surfing,17,White,May,N,M
866,1996,usa,Surfing,22,Unspecified,May,N,M
867,1996,usa,Surfing,27,Unspecified,May,N,M
868,1996,australia,Swimming breast stoke,47,Tiger,Mar,N,F
869,1996,australia,Dived naked into the water on a bet,24,Unspecified,Feb,N,M
870,1996,australia,Swimming,7,Unspecified,Feb,N,M
871,1996,usa,Swimming with mask & snorkel,53,Tiger,Jan,N,M
872,1996,reunion,Surfing,25,Tiger,Jan,Y,M
873,1995,australia,Playing / standing,15,Unspecified,Oct,N,F
874,1995,usa,Surfing,39,Unspecified,Oct,N,M
875,1995,usa,Surfing,14,Unspecified,Sep,N,M
876,1995,usa,Windsurfing,25,White,Sep,N,M
877,1995,australia,Abalone diving using Hookah (near calving whales),29,White,Sep,Y,M
878,1995,usa,Abalone diving using Hookah (resting on the surface),32,White,Sep,N,M
879,1995,usa,Surfing,16,Unspecified,Aug,N,M
880,1995,usa,Surfing,18,Unspecified,Aug,N,M
881,1995,usa,Swimming,16,Unspecified,Aug,N,M
882,1995,usa,Swimming ,23,Unspecified,Aug,N,M
883,1995,usa,Surfing,19,Unspecified,Aug,N,M
884,1995,tonga,Fishing,18,Unspecified,Aug,N,M
885,1995,usa,Wading,20,Unspecified,Aug,N,M
886,1995,usa,Body boarding,12,Unspecified,Aug,N,M
887,1995,usa,Scuba diving (ascending using scooter),31,White,Jun,N,M
888,1995,usa,Swimming,45,Unspecified,Jun,N,M
889,1995,usa,Swimming,10,Unspecified,Jun,N,F
890,1995,usa,Swimming,38,Tiger,Jun,N,M
891,1995,hong kong,Swimming,29,Unspecified,Jun,Y,M
892,1995,japan,Scuba diving for bivalves,47,White,Apr,Y,M
893,1995,australia,Surfing,35,Unspecified,Mar,N,M
894,1995,south africa,Swimming,22,Unspecified,Feb,N,M
895,1995,south africa,Swimming,14,Tiger,Jan,Y,M
896,1994,south africa,Body boarding,26,White,Dec,N,M
897,1994,usa,Commercial diver (submerged or treading water),42,White,Dec,Y,M
898,1994,usa,"Surfing, paddling seawards",34,Unspecified,Nov,N,F
899,1994,usa,Wading,9,Unspecified,Oct,N,F
900,1994,usa,Surfing,43,White,Sep,N,M
901,1994,usa,Jumped off rocks into white water,12,Unspecified,Sep,N,F
902,1994,reunion,Windsurfing,24,Bull,Jul,Y,M
903,1994,south africa,Surfing,22,White,Jul,Y,M
904,1994,south africa,Surfing,31,White,Jul,N,M
905,1994,usa,Surfing,15,Unspecified,Jul,N,M
906,1994,bahamas,Spearfishing,30,Unspecified,Jun,N,M
907,1994,usa,Surfing,28,Unspecified,May,N,M
908,1994,usa,Surfing,22,Unspecified,May,N,M
909,1994,usa,Surfing,23,Unspecified,Feb,N,M
910,1994,south africa,Surfing,15,White,Feb,N,M
911,1994,south africa,Swimming ,33,Unspecified,Jan,N,M
912,1993,australia,Hookah diving,27,Tiger,Nov,Y,M
913,1993,usa,Surfing,26,White,Oct,N,M
914,1993,usa,Swimming,26,Bull,Oct,N,F
915,1993,usa,Kayaking,34,White,Oct,N,F
916,1993,south africa,Spearfishing,36,White,Sep,N,M
917,1993,spain,Swimming,69,Unspecified,Sep,N,M
918,1993,bahamas,Spearfishing,51,Unspecified,Aug,N,M
919,1993,usa,Riding floatation device,19,Bull,Aug,N,F
920,1993,usa,Free diving for abalone (ascending),39,White,Aug,N,M
921,1993,south africa,Surfing,28,White,Jul,N,M
922,1993,usa,Playing,12,Unspecified,Jul,N,F
923,1993,usa,Paddling on surfboard or body board,22,Tiger,Jun,N,M
924,1993,australia,Scuba diving,31,White,Jun,Y,M
925,1993,australia,Scuba diving at seal colony,34,White,Jun,Y,F
926,1993,usa,Swimming,60,Unspecified,Jun,N,F
927,1993,usa,Paddling on surfboard,35,Tiger,Mar,N,M
928,1993,usa,Free diving & spearfishing (ascending),55,White,Mar,N,M
929,1993,australia,Fishing,69,Unspecified,,N,M
930,1993,australia,Spearfishing,21,Unspecified,Jan,N,M
931,1993,usa,Surfing,29,White,Jan,N,M
932,1992,usa,"Standing in waist-deep water, helping his father tend a gill net containing dead fish",10,Tiger,Dec,N,M
933,1992,usa,Lying on surfboard,30,Tiger,Dec,N,M
934,1992,usa,Spearfishing / free diving,31,Unspecified,Nov,N,M
935,1992,usa,Surfing,19,Unspecified,Nov,N,M
936,1992,usa,Kayaking,46,White,Nov,N,M
937,1992,usa,Scuba diving (submerged),40,Unspecified,Nov,N,M
938,1992,usa,Body boarding,18,Tiger,Nov,Y,M
939,1992,usa,Hookah diving for sea urchins,40,White,Oct,N,M
940,1992,usa,Surfing,28,Tiger,Oct,N,M
941,1992,australia,Surfing,28,White,Oct,Y,M
942,1992,usa,Surfing,20,White,Sep,N,M
943,1992,australia,Surfing,17,White,Aug,N,M
944,1992,usa,Surfing,22,White,Aug,N,M
945,1992,usa,Standing,42,Unspecified,Jul,N,F
946,1992,reunion,Surfing,16,Bull,Jun,Y,M
947,1992,south africa,Surfing,35,Unspecified,Apr,N,M
948,1992,usa,"Surfing, paddling seawards",36,Tiger,Mar,N,F
949,1992,japan,Hookah diving for pen shells ,41,White,Mar,Y,M
950,1992,usa,Surfing (sitting on his board),21,White,Mar,N,M
951,1992,australia,Surfing,19,Unspecified,Feb,,M
952,1992,australia,Boogie boarding,19,Unspecified,Jan,N,M
953,1992,south africa,Swimming ,19,Unspecified,Jan,N,M
954,1992,south africa,Spearfishing,36,Unspecified,Jan,N,M
955,1991,usa,Hookah diving for sea urchins,25,White,Dec,N,M
956,1991,usa,Snorkeling,41,Tiger,Nov,Y,F
957,1991,usa,Surfing,21,Unspecified,Oct,N,M
958,1991,usa,Surfing,32,White,Oct,N,M
959,1991,australia,Scuba diving,19,White,Sep,Y,M
960,1991,australia,Finning the shark that bit him,36,Unspecified,Aug,N,M
961,1991,usa,Swimming,23,Unspecified,Aug,N,M
962,1991,usa,Wading,10,Unspecified,Aug,N,F
963,1991,italy,Canoeing,40,White,Jul,N,F
964,1991,reunion,Surfing,30,Tiger,Jul,N,M
965,1991,usa,Surfing,32,White,Jul,N,M
966,1991,usa,Swimming behind sailboat,31,Bull,Jun,N,M
967,1991,hong kong,Swimming ,65,Tiger,Jun,Y,F
968,1991,usa,Sitting on surfboard,23,Unspecified,May,N,M
969,1991,usa,"Surfing, collided with shark",22,Unspecified,Apr,N,M
970,1991,usa,Surfing,38,White,Feb,N,M
971,1991,south africa,Spearfishing,20,White,Feb,N,M
972,1990,usa,Surfing,24,Unspecified,Nov,N,M
973,1990,usa,Surfing,50,Unspecified,Oct,N,M
974,1990,usa,Surfing,25,Unspecified,Oct,N,M
975,1990,usa,Surfing,43,Tiger,Oct,N,M
976,1990,usa,Surfing,19,Unspecified,Oct,N,M
977,1990,south africa,Spearfishing,26,White,Sep,N,M
978,1990,usa,"Free diving / spearfishing, from paddleboard & floating on the surface",49,White,Sep,N,M
979,1990,usa,Kayaking,44,White,Sep,N,M
980,1990,usa,Surfing,22,White,Aug,N,M
981,1990,south africa,Scuba diving (but on surface),21,White,Jun,Y,F
982,1990,south africa,Resting on surfboard,22,White,May,N,M
983,1990,south africa,Lying on surfboard & paddling,23,White,Apr,N,M
984,1990,australia,Surfing,31,Tiger,Apr,N,M
985,1989,south africa,Free diving & spearfishing,29,White,Nov,Y,M
986,1989,australia,Surfing,17,White,Oct,N,M
987,1989,usa,Surfing,12,Unspecified,Oct,N,M
988,1989,usa,Diving,49,Unspecified,Oct,,M
989,1989,south africa,Free diving,29,White,Sep,N,M
990,1989,usa,"Fishing, stepped on hooked shark's head",51,Unspecified,Sep,N,M
991,1989,usa,Hookah diving for abalone (descending),38,White,Sep,N,M
992,1989,australia,Feeding fish,30,Grey,Aug,N,M
993,1989,south africa,Surfing,21,White,Aug,N,M
994,1989,australia,Surfing,17,Unspecified,Aug,N,M
995,1989,south africa,Surfing,34,White,Jul,N,M
996,1989,south africa,Surfing,16,White,Jun,N,M
997,1989,south africa,Free diving,28,White,Jun,N,M
998,1989,australia,Surfing,27,White,Mar,Y,M
999,1989,italy,"Scuba diving, but swimming on surface",47,White,Feb,Y,M
1000,1989,usa,Kayaking,24,Unspecified,Jan,,M
1001,1989,usa,Kayaking,24,White,Jan,Y,F
1002,1989,australia,Surfing with dolphins,17,Tiger,Jan,N,M
1003,1988,usa,Surfing (sitting on his board),21,White,Oct,N,M
1004,1988,usa,Surfing,30,Unspecified,Oct,N,M
1005,1988,usa,Surfing,23,Unspecified,Oct,N,M
1006,1988,usa,Surfing,21,Unspecified,Sep,N,M
1007,1988,usa,Snorkeling,38,Bull,Sep,Y,M
1008,1988,usa,Surfing,27,White,Aug,N,M
1009,1988,south africa,Spearfishing,36,White,Jun,N,M
1010,1988,usa,Sittting in water with his child,37,Unspecified,Jun,N,M
1011,1988,usa,Surfing,25,Unspecified,Jun,N,M
1012,1988,south africa,Surfing,17,Unspecified,Mar,N,M
1013,1988,south africa,Surfing,20,Grey,Feb,N,M
1014,1988,south africa,Lying atop surfboard,15,Unspecified,Feb,N,F
1015,1988,south africa,Surfing,22,Unspecified,Jan,,M
1016,1988,south africa,Attempting to lasso shark's tail,33,Unspecified,Jan,N,M
1017,1987,usa,Surfing,16,Unspecified,Dec,N,M
1018,1987,usa,Surfing,20,Unspecified,Oct,N,M
1019,1987,south africa,Boogie boarding,14,Unspecified,Oct,,M
1020,1987,south africa,Spearfishing,21,White,Oct,N,M
1021,1987,south africa,Surfing,24,White,Sep,N,M
1022,1987,usa,Wading,12,Unspecified,Aug,N,M
1023,1987,usa,Surfing (sitting on his board),40,White,Aug,N,M
1024,1987,usa,Surfing,27,Unspecified,Jul,N,M
1025,1987,usa,Body surfing,32,Unspecified,Jul,N,F
1026,1987,usa,Wading,16,Unspecified,Jul,N,F
1027,1987,vanuatu,Swimming,8,Unspecified,Apr,Y,M
1028,1987,south africa,Spearfishing,30,White,Jan,N,M
1029,1986,south africa,Body boarding,21,White,Dec,Y,M
1030,1986,usa,Surfing,40,Unspecified,Dec,N,M
1031,1986,usa,Free diving  & spearfishing (submerged),27,White,Dec,N,M
1032,1986,usa,Swimming,6,Lemon,Oct,N,F
1033,1986,south africa,Racing ski,32,Unspecified,Oct,N,M
1034,1986,south africa,Spearfishing,35,Unspecified,Aug,,M
1035,1986,south africa,Spearfishing,26,Unspecified,Jul,N,M
1036,1986,south africa,Treading water,26,Unspecified,Mar,N,M
1037,1986,south africa,Surfing,21,White,Feb,N,M
1038,1986,south africa,Swimming,46,Unspecified,Feb,N,M
1039,1986,south africa,Spearfishing,29,Unspecified,Feb,N,M
1040,1986,australia,Surfing,29,Unspecified,Feb,N,M
1041,1986,usa,Surfing,22,Unspecified,Jan,N,M
1042,1986,usa,Surfing,16,Unspecified,,N,M
1043,1985,south africa,Body boarding,22,White,Oct,N,M
1044,1985,usa,Hookah diving for abalone,46,Unspecified,Oct,N,M
1045,1985,usa,Swimming,17,Unspecified,Sep,,M
1046,1985,usa,Wading,11,Unspecified,Aug,,M
1047,1985,usa,Scuba diving,67,Unspecified,Aug,,M
1048,1985,usa,Wading,13,Unspecified,Jul,N,F
1049,1985,italy,Snorkeling,13,White,Jul,N,M
1050,1985,australia,Free diving for scallops,33,White,Mar,Y,F
1051,1985,usa,Scuba Diving for lobster (at surface),29,White,Feb,N,M
1052,1985,south africa,Swimming,15,Unspecified,Jan,N,M
1053,1985,south africa,Surfing,18,White,Jan,N,M
1054,1985,south africa,Spearfishing,34,White,Jan,N,M
1055,1985,south africa,Spearfishing,20,Unspecified,Jan,N,M
1056,1984,australia,Sailing on catamaran & fell into the water,16,Tiger,Nov,Y,M
1057,1984,usa,Swimming,22,Unspecified,Oct,,M
1058,1984,usa,Surfing or body surfing,23,Unspecified,Oct,N,F
1059,1984,usa,Wading,77,Unspecified,Oct,,F
1060,1984,usa,Surfing,15,Unspecified,Oct,N,M
1061,1984,usa,Surfing (sitting on his board),25,White,Sep,N,M
1062,1984,usa,Surfing,16,Unspecified,Sep,N,M
1063,1984,usa,Skindiving,28,White,Sep,Y,M
1064,1984,usa,Swimming,18,Unspecified,Jul,N,F
1065,1984,south africa,Spearfishing,21,Unspecified,Jul,,M
1066,1984,south africa,Surfing,27,White,Jun,N,M
1067,1984,usa,Towing her sister on plastic ski board,13,Unspecified,Jun,N,F
1068,1984,south africa,Scuba diving,33,Unspecified,Feb,N,M
1069,1984,south africa,Swimming,14,Unspecified,Jan,N,M
1070,1983,south africa,Swimming,47,Unspecified,Dec,N,M
1071,1983,south africa,Spearfishing,29,White,Aug,N,M
1072,1983,usa,Swimming,14,Unspecified,Aug,N,F
1073,1983,usa,Diving,22,Bull,Aug,N,F
1074,1983,australia,Swimming from the New Venture ,21,Tiger,Jul,Y,F
1075,1983,australia,Swimming from the New Venture ,24,Tiger,Jul,Y,M
1076,1983,australia,14 m prawn trawler New Venture capsized  & sank in heavy seas Three people in the water,28,Tiger,Jul,N,M
1077,1983,usa,Windsurfing,39,Unspecified,Jul,N,F
1078,1983,usa,Water-skiing,21,Unspecified,May,N,M
1079,1983,south africa,Fishing,27,Unspecified,Apr,N,M
1080,1983,south africa,Spearfishing,17,Unspecified,Mar,N,M
1081,1983,south africa,Paddleskiing,16,Unspecified,Feb,N,M
1082,1983,south africa,Spearfishing,32,White,Jan,N,M
1083,1982,usa,Windsurfing,26,Unspecified,Oct,N,M
1084,1982,south africa,Surfing,16,White,Sep,N,M
1085,1982,usa,Surfing,20,Unspecified,Sep,N,M
1086,1982,usa,Diving,36,White,Sep,N,M
1087,1982,usa,Free diving for abalone from Zodiac (submerged),28,White,Sep,N,M
1088,1982,usa,Surfing,17,Unspecified,Aug,,M
1089,1982,south africa,Boogie boarding,20,Unspecified,Jul,,M
1090,1982,south africa,Paddleskiing,38,White,Jul,N,M
1091,1982,usa,Paddle Boarding,26,White,Jul,N,M
1092,1982,usa,Swimming,17,Unspecified,Jul,N,M
1093,1982,south africa,Surfing,27,White,Jun,Y,M
1094,1982,usa,Swimming,20,Unspecified,Jun,N,M
1095,1982,south africa,Swimming,20,Unspecified,Jan,N,M
1096,1981,usa,Surfing,24,White,Dec,Y,M
1097,1981,usa,Swimming,19,Unspecified,Oct,N,M
1098,1981,usa,Swimming,26,Tiger,Sep,Y,M
1099,1981,bahamas,Snorkeling on surface,53,Unspecified,Aug,N,M
1100,1981,south africa,Surfing,32,Unspecified,Jul,N,M
1101,1981,south korea,Shell diving,27,White,May,Y,F
1102,1981,south africa,Surfing,27,Unspecified,May,N,M
1103,1981,south africa,Surfing,19,Unspecified,May,N,M
1104,1981,south africa,Surfing,24,Tiger,May,N,M
1105,1981,usa,Standing / Wading,19,Bull,Mar,N,M
1106,1981,usa,Surfing,24,Unspecified,Mar,N,M
1107,1981,south africa,Swimming,30,Unspecified,Feb,N,M
1108,1981,usa,Surfing,15,Unspecified,Feb,N,M
1109,1981,australia,Surf-skiing,27,Tiger,,N,M
1110,1980,south africa,Paddleskiing,25,Unspecified,,N,M
1111,1980,reunion,Spearfishing,22,White,Nov,N,M
1112,1980,usa,Surfing,29,White,Oct,N,M
1113,1980,usa,Surfing,19,White,Oct,N,M
1114,1980,usa,Standing,22,Unspecified,Jul,N,F
1115,1980,south africa,Surfing,22,Unspecified,May,N,M
1116,1980,mexico,Body surfing,13,Tiger,Apr,N,F
1117,1980,south africa,Body boarding,24,White,Jan,N,M
1118,1980,south africa,Spearfishing,29,Unspecified,Jan,N,M
1119,1980,south africa,Swimming,25,Unspecified,Jan,N,M
1120,1980,south africa,Spearfishing,20,Unspecified,,,M
1121,1979,usa,Surfing,20,White,Nov,N,M
1122,1979,south africa,Spearfishing,25,White,,N,M
1123,1979,usa,Surfing,27,Unspecified,Mar,N,M
1124,1979,south africa,"Surfing, collided with shark",19,Unspecified,Feb,N,M
1125,1978,south africa,Spearfishing,23,White,Dec,Y,M
1126,1978,south africa,Spearfishing,27,White,Sep,N,M
1127,1978,south africa,Surfing,17,Unspecified,Jan,N,M
1128,1977,south africa,Surfing,18,Tiger,Dec,N,M
1129,1977,south africa,Spearfishing,25,White,Oct,N,M
1130,1977,australia,Surfing,17,White,Aug,N,M
1131,1977,usa,Free diving for abalone (surfacing),20,White,Aug,N,M
1132,1977,usa,Spearfishing / Scuba diving,27,Bull,Jun,N,M
1133,1976,usa,Hookah diving for abalone (submerged),29,White,Dec,N,M
1134,1976,south africa,"Thrashing the water / imitating the shark victim from ""Jaws""",19,White,Nov,N,M
1135,1976,usa,Surfing,19,Bull,Nov,N,M
1136,1976,usa,Surfing,25,White,Oct,N,M
1137,1976,south africa,Surfing,20,White,Oct,N,M
1138,1976,usa,Surfing,15,Tiger,Sep,N,M
1139,1976,usa,Surfing,19,White,Aug,N,M
1140,1976,usa,Skindiving,17,Unspecified,Jun,N,M
1141,1975,usa,Scuba diving & spearfishing,27,White,Dec,N,M
1142,1975,south africa,Standing,33,Unspecified,Nov,N,M
1143,1975,south africa,Surfing,19,White,Aug,N,M
1144,1975,usa,Floating on a small orange raft ,20,Unspecified,Aug,N,M
1145,1975,usa,Free diving for abalone,44,White,Aug,N,M
1146,1975,australia,Scuba diving for abalone,37,White,Jul,Y,M
1147,1975,usa,Scuba diving for abalone (at surface),23,White,Jul,N,M
1148,1975,usa,Hookah diving for abalone,34,White,Jul,N,M
1149,1975,usa,Swimming,14,Unspecified,Jul,N,F
1150,1975,usa,Swimming ,18,Unspecified,Jun,N,M
1151,1975,south africa,Surfing,16,Unspecified,Feb,N,M
1152,1975,australia,Swimming underwater from crayfish cage to a fishing bait,12,White,Feb,Y,M
1153,1974,usa,Surfing,17,White,Sep,N,M
1154,1974,usa,Hookah diving for abalone,29,White,Sep,N,M
1155,1974,israel,Swimming,20,Unspecified,Sep,N,F
1156,1974,usa,Scuba diving (but on surface),41,White,Sep,N,M
1157,1974,usa,Scuba diving (but on surface),48,White,Sep,N,M
1158,1974,usa,Surfing,24,White,Sep,N,M
1159,1974,usa,Free diving (but on surface),45,White,May,N,M
1160,1974,south africa,Spearfishing,22,Unspecified,Apr,N,M
1161,1974,south africa,Surfing,17,Unspecified,Apr,N,M
1162,1974,south africa,Surfing,21,Unspecified,Mar,N,M
1163,1974,south africa,Swimming,33,Unspecified,Jan,N,M
1164,1973,bahamas,"Free diving, Spearfishing",11,Bull,Sep,N,M
1165,1973,mexico,"Free diving, Spearfishing",37,White,Sep,Y,M
1166,1973,south africa,Spearfishing,26,Unspecified,Mar,N,M
1167,1972,mozambique,Swimming,25,Unspecified,Dec,N,M
1168,1972,usa,Surfing,22,Unspecified,Jun,N,M
1169,1972,usa,Free diving for abalone,32,White,May,N,M
1170,1972,australia,Surfing,18,Unspecified,Feb,N,M
1171,1972,south africa,Sitting in shallows,30,Unspecified,Jan,N,F
1172,1972,mozambique,Standing,24,White,Jan,N,M
1173,1971,south africa,Swimming,16,White,Dec,N,F
1174,1971,usa,Surfing,18,Unspecified,Oct,N,M
1175,1971,south africa,Swimming,25,Unspecified,Oct,N,M
1176,1971,usa,Scuba diving,30,White,Oct,N,M
1177,1971,croatia,Swimming,34,White,Sep,Y,M
1178,1971,australia,Scuba diving & feeding fish,26,Grey,Aug,N,M
1179,1971,south africa,Surfing,21,White,Jun,N,M
1180,1971,south africa,Swimming,50,White,Apr,Y,M
1181,1971,new zealand,Surfing,16,White,Mar,N,M
1182,1970,micronesia,Diving,43,Unspecified,Sep,N,M
1183,1970,south africa,Scuba Diving,25,Unspecified,Jun,N,M
1184,1969,usa,Free diving for abalone,53,White,Sep,N,M
1185,1969,usa,Body surfing,13,Unspecified,Aug,N,M
1186,1969,usa,Diving,23,Unspecified,May,N,M
1187,1969,usa,Surfing,16,White,Mar,N,M
1188,1969,australia,Fishing,49,Unspecified,Feb,N,M
1189,1968,australia,Feeding mullet to sharks,27,Grey,Dec,N,M
1190,1968,new zealand,Surfing,17,White,Dec,N,M
1191,1968,new zealand,Spearfishing,24,White,Sep,Y,M
1192,1968,columbia,Dynamite fishing,18,Unspecified,Aug,N,M
1193,1968,usa,Free diving,25,White,Jul,N,M
1194,1968,usa,Spearfishing using Scuba,33,Unspecified,Jul,N,M
1195,1968,usa,Wading,63,Unspecified,Apr,,M
1196,1968,south africa,Wading & pushing dinghy toward  the shallows,35,Unspecified,Mar,N,M
1197,1968,usa,Treading water,28,Unspecified,Mar,,M
1198,1968,australia,Spearfishing,26,Unspecified,Feb,N,M
1199,1967,south africa,Surfing,22,Unspecified,Dec,N,M
1200,1967,usa,Standing on sandbar,19,Unspecified,Oct,N,M
1201,1967,usa,Pulling shark from the water,24,Unspecified,Aug,N,M
1202,1967,australia,"Spearfishing, dived to pick up a float line",23,White,Aug,Y,M
1203,1967,australia,Anti-sabotage night dive exercise alongside destroyer (Scuba diving),19,Unspecified,Aug,,M
1204,1967,usa,Spearfishing,15,Unspecified,Aug,N,M
1205,1967,bahamas,Photographing sharks underwater using Scuba,41,Unspecified,Aug,N,M
1206,1967,usa,Spearfishing,26,Unspecified,Jun,N,M
1207,1967,south africa,Spearfishing,32,White,Mar,N,M
1208,1967,australia,Spearfishing,36,Grey,Mar,N,M
1209,1967,new zealand,Lifesaving drill,21,White,Mar,Y,M
1210,1966,papua new guinea,Swimming,13,Unspecified,Oct,Y,F
1211,1966,papua new guinea,Bathing,8,Unspecified,Oct,Y,F
1212,1966,australia,"Free diving, carrying speargun",32,Unspecified,Sep,N,M
1213,1966,australia,Spearfishing,43,Unspecified,Sep,N,M
1214,1966,new britain,Swimming,13,Unspecified,Aug,Y,F
1215,1966,new britain,Diving into water,9,Unspecified,Aug,Y,F
1216,1966,usa,Spearfishing on Scuba,26,Unspecified,Aug,,M
1217,1966,usa,Wading,8,Unspecified,Aug,N,M
1218,1966,usa,Killing a shark,34,Unspecified,Jul,N,M
1219,1966,usa,Free diving,46,Unspecified,Jul,,M
1220,1966,usa,Clamming,15,Unspecified,Jun,N,M
1221,1966,usa,Fishing,18,Unspecified,Jun,N,M
1222,1966,usa,Swimming,18,Unspecified,Jun,N,M
1223,1966,usa,Spearfishing / Scuba diving,24,Unspecified,May,,M
1224,1966,australia,Treading water,13,White,Feb,N,M
1225,1966,south africa,Helping men land a shark,33,Unspecified,Jan,N,M
1226,1966,usa,Free diving / spearfishing (resting on the surface),29,White,Jan,N,M
1227,1966,south africa,Standing,16,Unspecified,Jan,N,M
1228,1966,south africa,Body surfing,15,Unspecified,Jan,N,M
1229,1966,usa,Swimming,35,Unspecified,Jan,N,M
1230,1966,usa,Walking,15,Unspecified,,,F
1231,1965,australia,Surfing,24,Grey,Nov,N,M
1232,1965,usa,Surfing,19,Unspecified,Apr,,M
1233,1965,usa,Spearfishing,28,White,Apr,N,M
1234,1965,palau,Walking on reef,8,Tiger,Apr,N,M
1235,1965,usa,Paddling on surfboard,17,Unspecified,Apr,N,M
1236,1965,usa,Free diving,16,Unspecified,Mar,N,M
1237,1965,south africa,Treading water,25,Unspecified,Feb,N,M
1238,1965,usa,Scuba diving,18,Unspecified,Feb,N,M
1239,1965,south africa,Paddling rescue ski,22,White,Jan,N,M
1240,1964,south africa,Swimming,19,Unspecified,Dec,N,M
1241,1964,papua new guinea,"Canoe swamped, swimming back to canoe",28,Unspecified,Dec,N,M
1242,1964,australia,Free diving with seals,25,White,Nov,N,M
1243,1964,australia,"Surfing, but swimming to his board",19,Grey,Oct,N,M
1244,1964,taiwan,Swimming,20,Unspecified,Sep,N,M
1245,1964,mexico,Floating on his back in an inner tube,19,Unspecified,Aug,N,M
1246,1964,usa,Spearfishing / free diving,18,Unspecified,Aug,,M
1247,1964,usa,Spearfishing using scuba,28,Unspecified,Aug,N,M
1248,1964,usa,Attempting to swim across the Atlantic Ocean,29,Unspecified,Jun,,F
1249,1964,south africa,Swimming,40,Unspecified,Jun,,M
1250,1964,fiji,Spearfishing,35,Tiger,May,Y,M
1251,1964,usa,Skin diving ,38,Unspecified,Mar,N,M
1252,1964,new zealand,Spearfishing,26,White,Feb,N,M
1253,1964,south africa,Body boarding,25,White,Feb,N,M
1254,1964,new zealand,Swimming,19,White,Feb,Y,M
1255,1964,australia,Swimming,23,Unspecified,Feb,,M
1256,1964,usa,Spearfishing / Scuba diving (at surface),21,White,Jan,N,M
1257,1963,south africa,Standing,20,Unspecified,Dec,N,F
1258,1963,south africa,Swimming ,24,Unspecified,Dec,N,M
1259,1963,south africa,Helping friend land hooked shark,13,Unspecified,Dec,N,M
1260,1963,south africa,Splashing in surf,15,Unspecified,Dec,Y,M
1261,1963,australia,Spearfishing,23,White,Dec,N,M
1262,1963,new zealand,Treading water while alongside capsized yacht,20,Unspecified,Nov,N,M
1263,1963,papua new guinea,Fishing / standing in waist deep water,18,Tiger,Nov,N,F
1264,1963,fiji,Fishing,21,Tiger,Nov,N,F
1265,1963,palau,Fishing,35,Unspecified,Nov,N,M
1266,1963,usa,"Surf fishing, wading ",28,Unspecified,Oct,N,M
1267,1963,solomon islands,Spearing fish,30,Unspecified,Sep,Y,M
1268,1963,australia,Surfing,18,Unspecified,Sep,N,M
1269,1963,usa,"Spearfishing, pulled sharkÂ’s tail",16,Unspecified,Sep,N,M
1270,1963,federated states of micronesia,Spearfishing,26,Tiger,Jul,N,M
1271,1963,greece,Swimming,42,White,Jun,Y,F
1272,1963,papua new guinea,Fishing,30,Unspecified,Jun,N,M
1273,1963,usa,Swimming,25,Unspecified,Apr,Y,M
1274,1963,usa,Surfing ,15,Unspecified,Apr,N,M
1275,1963,australia,Spearfishing,18,Unspecified,Feb,N,M
1276,1963,fiji,Spearfishing,28,White,Feb,N,M
1277,1963,australia,Wading,32,Bull,Jan,Y,F
1278,1963,australia,Swimming,25,Unspecified,Jan,,M
1279,1963,south africa,"Free diving, hunting crayfish",27,Unspecified,Jan,N,M
1280,1963,south africa,Spearfishing,24,Unspecified,Jan,N,M
1281,1962,australia,Spearfishing,16,White,Dec,Y,M
1282,1962,usa,Spearfishing / Scuba diving (at surface),24,White,Nov,N,M
1283,1962,mexico,Wading,32,Unspecified,Oct,Y,M
1284,1962,british west indies,Spearfishing,24,Unspecified,Sep,N,M
1285,1962,italy,Spearfishing with Scuba gear,28,White,Sep,Y,M
1286,1962,papua new guinea,Fishing,49,Unspecified,Aug,N,M
1287,1962,usa,Diving for abalone,39,Unspecified,Aug,N,M
1288,1962,usa,Surf fishing in waist-deep water,40,Unspecified,Aug,Y,M
1289,1962,usa,Standing,24,Unspecified,Aug,N,M
1290,1962,usa,Fishing for albacore,19,Unspecified,Jul,N,M
1291,1962,usa,Rolled off raft,11,Unspecified,Jun,N,M
1292,1962,usa,"Scuba diving, attempting to catch a captive shark",55,Unspecified,Jun,N,M
1293,1962,south africa,Wading,13,Unspecified,Apr,N,M
1294,1962,papua new guinea,Swimming,10,Unspecified,Mar,Y,M
1295,1962,south africa,Treading water,13,White,Feb,Y,M
1296,1962,australia,Swimming,35,Unspecified,Feb,N,M
1297,1962,new zealand,Splashing ,18,Unspecified,Jan,N,M
1298,1962,south africa,"Fishing, slipped on rocks & fell into sea",40,Unspecified,Jan,,M
1299,1962,usa,Spearfishing / Scuba diving (at surface),29,White,Jan,N,M
1300,1962,australia,Surfing,19,Unspecified,Jan,N,M
1301,1962,papua new guinea,Spearfishing,24,White,Jan,N,M
1302,1962,new zealand,Surf fishing,54,Unspecified,Jan,N,F
1303,1962,marshall islands,Fishing with hand net in 2' of water,57,Unspecified,Jan,N,M
1304,1961,australia,Standing,18,Unspecified,Dec,Y,F
1305,1961,australia,Standing,24,Unspecified,Dec,N,M
1306,1961,south africa,Treading water,18,Unspecified,Dec,N,M
1307,1961,australia,Spearfishing,23,Grey,Dec,N,M
1308,1961,australia,"Surfing, pushing board ashore",22,Unspecified,Dec,Y,M
1309,1961,australia,Swimming with other crew near wharf,17,Unspecified,Dec,N,M
1310,1961,croatia,Swimming,19,White,Sep,Y,M
1311,1961,usa,Swimming,16,White,Aug,N,M
1312,1961,usa,Wading,19,White,Aug,N,M
1313,1961,usa,"Net fishing, picking catch from the net",38,Unspecified,Aug,N,M
1314,1961,usa,Spearfishing,57,Unspecified,Jul,N,M
1315,1961,italy,Spearfishing,21,White,Jul,N,M
1316,1961,usa,Free diving for abalone,20,White,May,N,M
1317,1961,usa,Walking in chest-deep water,52,Unspecified,May,N,M
1318,1961,usa,Splashing ,10,Unspecified,Apr,,M
1319,1961,mozambique,Swimming,37,Unspecified,Apr,N,M
1320,1961,australia,"Checking fish traps, fell into the water",40,Unspecified,Apr,N,M
1321,1961,mozambique,"Swimming, using bundles of sticks as raft",38,Unspecified,Apr,Y,M
1322,1961,australia,Swimming,24,Unspecified,Mar,N,M
1323,1961,australia,Spearfishing,21,White,Mar,N,M
1324,1961,north pacific ocean,Free diving,33,Grey,Mar,N,M
1325,1961,south africa,"Spearfishing, shark grabbed his white t-shirt and towed him ",27,Unspecified,Feb,N,M
1326,1961,south africa,Swimming,14,Unspecified,Feb,Y,M
1327,1961,south africa,Swimming,15,White,Jan,N,M
1328,1961,australia,Collecting aquarium specimens,27,Unspecified,Jan,N,M
1329,1961,south africa,Standing,13,White,Jan,N,M
1330,1960,south africa,Swimming,25,White,Dec,Y,M
1331,1960,australia,"Fishing, when line became snagged on rock & he dived into water to free it ",33,Grey,Dec,,M
1332,1960,australia,Swimming,41,Unspecified,Nov,,M
1333,1960,usa,Holding shark on leader & dangling it above the water,15,Lemon,Aug,N,M
1334,1960,usa,"Fishing, tossing netted shark onboard",41,Unspecified,Jul,N,M
1335,1960,usa,Scuba diving,39,Unspecified,Jun,N,M
1336,1960,bermuda,Free diving but treading water at surface,25,Unspecified,May,N,M
1337,1960,usa,Swimming ,16,White,May,N,F
1338,1960,south africa,Treading water,16,White,Apr,N,M
1339,1960,usa,Skindiving for abalone (but at surface),48,White,Apr,N,M
1340,1960,bermuda,Floating on a raft,21,Unspecified,Apr,,M
1341,1960,australia,Surfing,17,White,Apr,N,M
1342,1960,usa,Treading water,42,Unspecified,Mar,N,M
1343,1960,australia,"Wading, fishing for flounder",30,Unspecified,Feb,N,M
1344,1960,usa,Spearfishing,36,Unspecified,Feb,,M
1345,1960,australia,Free diving,13,Bull,Jan,Y,M
1346,1959,australia,Body surfing,19,Unspecified,Nov,N,M
1347,1959,australia,Standing in chest-deep water,17,Unspecified,Nov,N,M
1348,1959,australia,Trailing the field in a surf race,19,Unspecified,Nov,N,M
1349,1959,usa,Swimming at surface through school of feeding 2.5' to 5Â’ sharks,21,Unspecified,Nov,N,M
1350,1959,usa,Diving for abalone,30,White,Oct,N,M
1351,1959,fiji,Spearfishing,36,Tiger,Oct,N,M
1352,1959,usa,"Adrift, hanging onto cushion, after his 17' skiff ran out of gas & capsized 3 miles from shore",30,Unspecified,Sep,N,M
1353,1959,philippines,The 240-ton motor vessel Pilar II with 100 people on board capsized in high winds & rough seas,10,Unspecified,Aug,,M
1354,1959,japan,Swimming,13,Unspecified,Aug,Y,M
1355,1959,usa,Spearfishing (but on surface),25,Unspecified,Jul,N,M
1356,1959,usa,Free diving for abalone,33,White,Jun,Y,M
1357,1959,usa,Treading water,18,White,May,Y,M
1358,1959,usa,Spearfishing,19,Tiger,May,N,M
1359,1959,south africa,Treading water,14,Unspecified,Feb,N,M
1360,1959,australia,Working prawn net,20,Grey,Jan,N,M
1361,1959,australia,In deep water about 100 yards from his ship,22,Unspecified,Jan,Y,M
1362,1959,australia,"Surfing, but treading water",17,Unspecified,Jan,N,M
1363,1959,south africa,Swimming,18,White,Jan,N,M
1364,1958,usa,Surfing on air mattress,15,Tiger,Dec,Y,M
1365,1958,american samoa,Cleaning hull of ship ,22,Tiger,Dec,Y,M
1366,1958,australia,Swimming,21,Unspecified,Nov,Y,M
1367,1958,bahamas,Fishing,42,Unspecified,Sep,N,M
1368,1958,usa,"Swimming, ducking for shells in water 0.9 m deep",12,Tiger,Jul,N,M
1369,1958,usa,"Swimming, ducking for shells in water 0.9 m deep",8,Tiger,Jul,N,M
1370,1958,pacific ocean,U.S. Airforce C124 enroute from Hickham Air Base to Japan went down. The 3 survivors fashioned raft from mailbags  & were rescued 3 days after the crash.,31,Unspecified,Jul,N,M
1371,1958,usa,Free diving,20,Unspecified,Jul,N,M
1372,1958,bahamas,"Spearfishing, had fish on his spear",36,Tiger,Jul,N,M
1373,1958,usa,Wading,59,Unspecified,Jun,N,M
1374,1958,usa,Walking,17,Tiger,Jun,N,M
1375,1958,taiwan,Diving,29,Unspecified,Apr,N,M
1376,1958,south africa,Paddling in knee-deep water,28,Unspecified,Apr,Y,F
1377,1958,south africa,Swimming with goggles,29,Unspecified,Apr,Y,M
1378,1958,australia,Body surfing,14,Unspecified,Jan,N,M
1379,1957,south africa,Standing,14,Unspecified,Dec,N,F
1380,1957,south africa,Floating,23,Unspecified,Dec,Y,M
1381,1957,usa,Swimming,57,White,Jul,Y,M
1382,1957,australia,Competing in spearfishing championship & towing dead fish,28,Unspecified,May,N,M
1383,1957,usa,Swimming,25,White,Apr,Y,M
1384,1957,usa,Standing,17,Unspecified,Apr,N,M
1385,1957,australia,Swimming between  anchored  pearling luggers,22,Unspecified,Apr,N,M
1386,1956,papua new guinea,Spearfishing,19,Tiger,Dec,Y,M
1387,1956,senegal,"Skindiving, fish at belt",19,Lemon,Oct,N,M
1388,1956,usa,Swimming near pier,10,White,Aug,N,M
1389,1956,australia,"Swimming, attacked at  surf carnival",26,Unspecified,Mar,Y,M
1390,1956,australia,Diving into water,15,Unspecified,Feb,Y,M
1391,1955,papua new guinea,Swimming,8,Unspecified,Nov,N,M
1392,1955,american samoa,Swimming,28,Unspecified,Aug,Y,M
1393,1955,usa,Spearfishing,19,White,Feb,N,M
1394,1955,australia,Swimming,25,White,Feb,Y,M
1395,1955,australia,Hunting lobsters in 2.4 m of water,13,Unspecified,Jan,Y,M
1396,1954,australia,Pearl diving from lugger Whyalla,30,Unspecified,Jun,N,M
1397,1954,argentina,Floating,18,White,Jan,N,M
1398,1954,papua new guinea,Crouching in the water,26,Unspecified,Jan,N,M
1399,1953,mexico,Free diving,19,Unspecified,Aug,,M
1400,1953,usa,Spearfishing,15,Unspecified,Jul,Y,M
1401,1953,australia,Spearfishing,25,Unspecified,Feb,N,M
1402,1952,australia,"Fishing, setting nets",25,Unspecified,Dec,N,M
1403,1952,usa,Body surfing & treading water,17,White,Dec,Y,M
1404,1951,australia,Treading water,21,Unspecified,Dec,Y,M
1405,1951,south africa,Swimming,23,White,Nov,N,M
1406,1951,south africa,Treading water,24,White,Nov,N,M
1407,1951,australia,Fell off surf ski,23,Unspecified,Mar,N,M
1408,1951,south africa,Body surfing,31,Unspecified,Feb,N,M
1409,1950,australia,Body surfing,21,White,Nov,N,M
1410,1950,usa,Body surfing / treading water,31,White,Oct,N,M
1411,1950,australia,Fishing,25,Unspecified,Oct,N,M
1412,1950,el salvador,Jerked overboard while pole fishing for tuna,27,Unspecified,Aug,N,M
1413,1950,south africa,Body surfing,14,White,Feb,Y,M
1414,1950,indonesia,Bending over,7,Tiger,,Y,M
1415,1949,australia,Free diving or wading back to shore,36,Unspecified,Nov,N,M
1416,1949,australia,Bathing in water 0.9 m deep,13,Unspecified,Apr,Y,M
1417,1949,australia,Lifesaving exhibition,20,White,Jan,Y,M
1418,1949,australia,Surfing,32,Unspecified,Jan,,M
1419,1948,greece,Swimming,17,Unspecified,Sep,Y,M
1420,1948,usa,Underwater photography,48,Unspecified,,N,M
1421,1947,australia,Fishing,9,Grey,Dec,N,M
1422,1947,usa,Swimming,20,Unspecified,Aug,Y,M
1423,1947,south africa,Treading water,21,Unspecified,Apr,N,M
1424,1947,south africa,Treading water,22,Unspecified,Mar,N,M
1425,1947,south africa,Treading water,18,Unspecified,Jan,N,M
1426,1946,australia,Swimming after a tennis ball,30,Unspecified,Aug,Y,M
1427,1946,australia,Standing,18,White,Feb,N,M
1428,1946,south africa,Jumping in swells,18,Unspecified,Jan,N,M
1429,1945,south africa,Walking,37,Unspecified,Mar,N,M
1430,1945,iraq,Swimming,15,Bull,,N,M
1431,1944,south africa,Swimming,17,White,Jul,Y,M
1432,1943,panama,Dived overboard to check propeller of US Navy motor torpedo boat,20,White,Sep,Y,M
1433,1943,mexico,Swimming,68,Unspecified,Jul,,M
1434,1942,australia,Dog paddling or standing,15,Bull,Dec,Y,F
1435,1942,south africa,Swimming ,18,White,Nov,Y,M
1436,1942,australia,Treading water,24,Tiger,Sep,N,M
1437,1942,australia,Swimming,28,Bull,Jan,Y,F
1438,1942,bahamas,Swimming along side N.E.L. vessel Saluda,48,Unspecified,,N,M
1439,1941,usa,Fishing from 32' boat,43,Unspecified,Jun,N,M
1440,1941,usa,Fishing,53,Unspecified,Mar,N,M
1441,1940,south africa,Treading water,25,White,Mar,Y,M
1442,1940,south africa,Swimming,17,White,Feb,Y,M
1443,1940,australia,Swimming,13,Unspecified,Jan,Y,M
1444,1940,south africa,Swimming ,18,Unspecified,Jan,Y,M
1445,1939,australia,Swimming ,20,Unspecified,Dec,Y,M
1446,1939,bahamas,"Dress diving, filming shark & pulling it through the water for a motion picture scene",38,Unspecified,Jul,N,M
1447,1938,australia,Fishing,18,Tiger,Oct,N,M
1448,1938,iraq,"Swimming, naked",9,Bull,May,N,M
1449,1938,australia,Diving off jetty,24,Unspecified,Jan,,M
1450,1937,australia,Swimming ,25,Tiger,Oct,Y,M
1451,1937,australia,Swimming ,18,Tiger,Oct,Y,M
1452,1937,australia,"Diving from the lugger San, operated by the Protector of the Aborigines",38,Tiger,Aug,N,M
1453,1937,australia,"Refused permission to cross on the ferry, he was swimming across the river",33,Unspecified,May,Y,M
1454,1937,australia,Swimming,32,White,Feb,Y,M
1455,1936,usa,Swimming crawl stroke,16,White,Jul,Y,M
1456,1936,australia,Diving for trochus,16,Tiger,Apr,N,M
1457,1936,australia,Swimming,14,White,Feb,Y,M
1458,1936,australia,"Swimming. Passer-by, Len Bedford, heard him shriek , saw shark leap from the water & swimmer disappeared",13,White,Jan,Y,M
1459,1935,australia,"Fell overboard, hanging onto lifebuoy",38,Unspecified,Aug,Y,M
1460,1935,australia,Swimming,27,White,Mar,Y,M
1461,1935,australia,Standing,22,White,Mar,Y,M
1462,1934,australia,Splashing,13,Tiger,Dec,N,F
1463,1934,australia,Swimming in waist-deep water ,15,Unspecified,Apr,Y,M
1464,1934,australia,Swimming in hip-deep water,17,Unspecified,Mar,Y,M
1465,1934,australia,Swimming on sandbar adjacent to channel,22,Unspecified,Jan,N,M
1466,1932,australia,Swimming,24,Grey,Oct,N,M
1467,1932,south africa,Collecting fish by lamplight in gully,23,Unspecified,,N,M
1468,1931,australia,Swimming ,39,Unspecified,Feb,,M
1469,1931,australia,Swimming,18,Unspecified,Jan,N,M
1470,1930,australia,Diving off pier & treading water,18,White,Feb,Y,M
1471,1930,south africa,Swimming,23,White,Jan,N,M
1472,1929,australia,Standing in knee-deep water,19,Grey,Apr,N,M
1473,1929,australia,Swimming,39,Unspecified,Feb,Y,M
1474,1929,australia,Body surfing,14,Unspecified,Jan,Y,M
1475,1928,panama,Swimming,17,Unspecified,Nov,Y,M
1476,1928,australia,Bathing,15,Unspecified,Apr,N,M
1477,1928,south africa,Body surfing,18,Unspecified,Jan,N,M
1478,1927,south africa,Swimming,17,White,Dec,Y,M
1479,1927,australia,Body surfing / treading water,17,Grey,Mar,N,M
1480,1927,australia,Swimming,15,Unspecified,Jan,Y,M
1481,1926,australia,Bathing,17,Grey,Oct,N,M
1482,1926,italy,Swimming,20,White,Jul,Y,M
1483,1926,usa,Swimming with dog near canning factory,15,White,Jul,N,M
1484,1925,australia,Floating on his back,55,Tiger,Nov,Y,M
1485,1925,australia,Bathing in waist-deep water,16,Unspecified,Mar,N,M
1486,1924,australia,Had just dived into water & was swimming,16,Unspecified,Jan,Y,M
1487,1922,australia,Bathing in 3' to 4' of water,19,Unspecified,Dec,Y,M
1488,1922,jamaica,Swimming,19,Unspecified,,Y,M
1489,1922,south africa,Swimming,18,White,May,N,M
1490,1922,australia,Bathing in knee-deep water,21,White,Mar,Y,M
1491,1922,australia,Swimming,18,White,Feb,Y,M
1492,1919,australia,Wading,13,Unspecified,Jan,Y,M
1493,1916,usa,Swimming,24,White,Jul,Y,M
1494,1912,australia,Swimming,21,Unspecified,Jan,Y,M
1495,1906,south africa,Washing horses,30,Unspecified,Jan,Y,M
1496,1905,australia,Bathing,40,Unspecified,Mar,N,M
1497,1901,south africa,Swimming,29,White,Jul,Y,M
1498,1894,australia,Bathing,19,Unspecified,Nov,N,M
1499,1892,australia,Fishing,21,Unspecified,Mar,N,M
1500,1880,australia,Swimming,12,Bull,Nov,Y,M
1501,1868,india,Standing,35,Unspecified,May,Y,M
1502,1800,seychelles,a corsair's boat was overturned,,Unspecified,,Y,F
1503,1797,,Dropped overboard,,Unspecified,May,Y,
1504,1792,england,Fishing,,Unspecified,Sep,Y,M
1505,1791,australia,,,Unspecified,,Y,F
1506,1788,australia,Fishing,,Unspecified,May,N,
1507,1787,,Swimming,,Unspecified,Jul,Y,M
1508,1786,barbados,Washing himself,,Unspecified,Aug,Y,M
1509,1785,england,,,Tiger,Sep,Y,M
1510,1784,jamaica,Swimming,,Unspecified,Dec,Y,M
1511,1783,martinique,,,Unspecified,Mar,Y,M
1512,1780,usa,Swimming,,Unspecified,Aug,Y,M
1513,1779,usa,Surfing,,Unspecified,,Y,M
1514,1776,guinea,Murder,,Unspecified,,Y,M
1515,1776,greenland,,,White,,Y,
1516,1771,usa,Fishing,,Unspecified,Jul,Y,M
1517,1767,france,Bathing,,Unspecified,,,M
1518,1764,spain,Swimming,,Unspecified,,Y,M
1519,1758,mediterranean sea,"Fell overboard from a frigate & was swallowed by a shark. The captain fired a gun at the shark, and ""the creature cast the man out of his throat.""",,Unspecified,,N,M
1520,1753,jamaica,Fell overboard,,Unspecified,Oct,Y,M
1521,1751,usa,Swimming,,Unspecified,Jul,Y,M
1522,1749,cuba,Swimming,14,Unspecified,,N,M
1523,1755,sweden,,,Unspecified,,,M
1524,1748,panama,Pearl diving,,Unspecified,,Y,M
1525,1742,,Swimming,,Unspecified,Dec,Y,M
1526,1738,italy,Swimming,,Unspecified,Apr,Y,M
1527,1733,iceland,,,Unspecified,,,
1528,1723,roatan,,,Unspecified,,,M
1529,1721,italy,Swimming,,White,,Y,M
1530,1703,barbados,Swimming,19,Unspecified,Mar,N,M
1531,1700,france,,,Unspecified,,Y,M
1532,1700,france,Bathing,,White,,N,M
1533,1700,barbados,Bathing,,Unspecified,,Y,M
1534,1642,guinea,Went overboard,,Unspecified,,,M
1535,1638,,,,Unspecified,,,M
1536,1637,india,Wading,,Unspecified,,,
1537,1617,india,,,Unspecified,,,
1538,1642,usa,Swimming ,,Unspecified,,Y,M
1539,1595,india,Ship lay at anchor & man was working on its rudder,,Unspecified,,,M
1540,1580,between portugal & india,Man fell overboard from ship. Those on board threw a rope to him with a wooden block & were pulling him to the ship,,Unspecified,Jan,Y,M
1541,1555,,Swimming,,Unspecified,,,M
1542,1554,france,,,White,,,M
1543,1543,venezuela,Pearl diving,,Unspecified,,Y,M
1544,500,mexico,,,Unspecified,,N,M
1545,77,,Sponge diving,,Unspecified,,Y,M
1546,5,australia,,,Unspecified,,N,M
1547,0,,Ascending from a dive,,Unspecified,,Y,M
1548,0,greece,Washing his pig in preparation for a religious ceremony,,Unspecified,,Y,M
1549,0,greece,Shipwrecked Persian Fleet,,Unspecified,,Y,M
1550,0,italy,Shipwreck,,Unspecified,,Y,M
1551,0,canada,Fishing,,Unspecified,,N,M
1552,0,kenya,Diving,,Unspecified,,N,M
1553,0,kenya,Diving,,Unspecified,,Y,M
1554,0,panama,Swimming/,20,Unspecified,Oct,Y,M
1555,0,uruguay,Swimming,,Unspecified,,N,
1556,0,uruguay,Swimming,,Unspecified,,Y,M
1557,0,usa,Swimming,,Unspecified,,N,M
1558,0,papua new guinea,Swimming to canoe,,Unspecified,,Y,M
1559,0,australia,,15,Unspecified,,N,F
1560,0,australia,Fell into the water,,Unspecified,,Y,M
1561,0,usa,Diving,,Unspecified,,N,M
1562,0,bermuda,,,Unspecified,,Y,M
1563,0,greece,Swimming,,Unspecified,,Y,F
1564,0,usa,Fishing for basking sharks,,Unspecified,,Y,M
1565,0,india,,,Unspecified,,N,M
1566,0,lebanon,Collecting fish ,,Unspecified,,N,M
1567,0,spain,Skin diving,,Unspecified,,N,
1568,0,sudan,Snorkeling,,Unspecified,,N,F
1569,0,,,,Unspecified,,N,M
1570,0,usa,Shark tagging,21,Unspecified,,N,F
1571,0,usa,Surfing,,Unspecified,,N,M
1572,0,djibouti,A dhow capsized,,Unspecified,,Y,
1573,0,libya,Sponge diving,,Unspecified,,Y,M
1574,0,australia,Net-fishing,,Unspecified,,N,M
1575,0,new zealand,,,Unspecified,Jun,Y,M
1576,0,,Netting shrimp,,Unspecified,,N,F
1577,0,vietnam,Bathing,,Unspecified,,N,M
1578,0,sri lanka,Fishing?,,Unspecified,,N,M
1579,0,venezuela,Spearfishing ,,Unspecified,,Y,M
1580,0,usa,Wade-fishing,,Unspecified,,N,M
1581,0,greece,Free diving for sponges,,Unspecified,,Y,M
1582,0,mozambique,Fishing,,Unspecified,,N,
1583,0,south africa,Swimming,,Unspecified,,Y,M
1584,0,australia,Helmet diving,,Tiger,,N,M
1585,0,bahrein,Pearl diving,,Tiger,,Y,M
1586,0,bahamas,Spearfishing ,,Unspecified,,N,M
1587,0,usa,Kitesurfing,,Unspecified,,N,M
1588,0,reunion,yachtsman in a zodiac,,Unspecified,,N,M
1589,0,solomon islands,Diving,,Unspecified,Feb,N,M
1590,0,korea,Diving,,Unspecified,May,Y,F
1591,0,french polynesia,Fishing,,Unspecified,Mar,N,M
1592,0,sudan,Diving,,Unspecified,,N,M
1593,0,vanuatu,,,Unspecified,Aug,Y,F
1594,0,vanuatu,Attempting to drive shark from area,,Unspecified,Aug,N,M
1595,0,iran,,,Bull,,N,M
1596,0,usa,Skin diving. Grabbed shark's tail; shark turned & grabbed diver's ankle & began towing him to deep water,19,Unspecified,,N,M
1597,0,papua new guinea,Scuba diving,,Unspecified,,Y,M
1598,0,red sea?,Free diving,,Unspecified,,N,F
1599,0,south africa,Crossing river on a raft,,Unspecified,Jan,Y,M
1600,0,usa,"Free diving, collecting sand dollars",,Unspecified,,N,M
1601,0,greece,Swimming,,Unspecified,May,Y,F
1602,0,usa,Diving,,Unspecified,,,M
1603,0,usa,Canoeing,,Unspecified,,Y,M
1604,0,mediterranean sea,,,Unspecified,,Y,M
1605,0,australia,Diving for trochus,,Unspecified,,N,M
1606,0,australia,Pearl diving,,Unspecified,,N,M
1607,0,singapore,Swimming,,Unspecified,,N,
1608,0,fiji,Spearfishing ,27,Unspecified,,N,M
1609,0,mozambique,Skindiving,36,Unspecified,,N,M
1610,0,seychelles,Swimming from capsized pirogue,,Tiger,,Y,M
1611,0,iraq,Fishing from a small boat & put his hand in the water while holding a dead fish,25,Unspecified,,N,M
1612,0,iraq,Swimming naked near a date palm where many dates fell into the water,6,Bull,,N,M
1613,0,iraq,Swimming in section of river used for washing clothes & cooking utensils,16,Bull,,N,M
1614,0,bahamas,,,White,,N,M
1615,0,usa,,,White,Jun,N,F
1616,0,bermuda,Spearfishing ,,Unspecified,Apr,N,M
1617,0,fiji,Swimming with fish attached to  belt,,Unspecified,,N,F
1618,0,madagascar,Bathing,,Unspecified,,Y,M
1619,0,usa,Standing,,Unspecified,,N,M
1620,0,bahamas,Testing movie camera in full diving dress,,Unspecified,,N,M
1621,0,indonesia,Swimming near anchored ship,,Unspecified,,Y,M
1622,0,india,,,Unspecified,,Y,M
1623,0,nicaragua,Lashing logs together when he fell into the water,,Bull,,Y,M
1624,0,cuba,"Shark fishing, knocked overboard",50,Unspecified,,Y,M
1625,0,marshall islands,Swimming,,Unspecified,,N,M
1626,0,kiribati,Diving,,Unspecified,,N,M
1627,0,north pacific ocean,"Fishing, wading with string of fish",,Unspecified,Mar,N,M
1628,0,kiribati,,,Unspecified,,Y,M
1629,0,,A group of survivors on a raft for 17-days,,Unspecified,,Y,
1630,0,solomon islands,Floating on his back,,Unspecified,,N,M
1631,0,australia,Free diving,,Unspecified,,N,M
1632,0,iran,Fishing in ankle-deep water,,Unspecified,,Y,M
1633,0,iran,,,Unspecified,,Y,M
1634,0,iran,"Standing, washing rear wheels of his ambulance in ankle-deep water",,Unspecified,,Y,M
1635,0,iraq,Swimming,13,Bull,,Y,M
1636,0,saudi arabia,Diving,,Unspecified,,Y,M
1637,0,saudi arabia,Diving,,Unspecified,,N,M
1638,0,saudi arabia,Diving,,Unspecified,,N,M
1639,0,pacific ocean,,,Unspecified,,Y,M
1640,0,burma,Carrying a supposedly dead shark by its mouth,,Unspecified,,N,M
1641,0,papua new guinea,Spent 8 days in dinghy,,Unspecified,,N,M
1642,0,papua new guinea,"Aircraft ditched in the sea, swimming ashore",,Unspecified,,N,M
1643,0,burma,Bathing,,Unspecified,,Y,M
1644,0,italy,Wooden fishing boat,,White,,N,M
1645,0,greece,Sponge diving,,Unspecified,,N,M
1646,0,belize,Standing,16,Tiger,,Y,M
1647,0,australia,,,Unspecified,,,M
1648,0,reunion,Swimming,,Unspecified,,Y,
1649,0,south africa,Wading,,Unspecified,,N,F
1651,0,south africa,Swimming in pool formed by construction of a wharf,,Unspecified,,Y,M
1652,0,australia,,,Unspecified,,Y,M
1653,0,usa,Fishing,,Unspecified,,N,M
1654,0,vietnam,Swimming around anchored ship,,Unspecified,,N,M
1655,0,south africa,Crew swimming alongside their anchored ship,,Unspecified,,Y,M
1656,0,south africa,4 men were bathing,,Unspecified,,Y,M
1657,0,fiji,Wreck of  large double sailing canoe,,Unspecified,,Y,
1658,0,usa,Swimming,,Unspecified,Jul,N,M
1659,0,south africa,Fishing,,Unspecified,Jul,Y,M
1660,0,south africa,Wading,,Unspecified,Jul,Y,M
1661,0,asia?,Swimming,,Unspecified,,N,M
1662,0,usa,,,Unspecified,,N,F
1663,0,australia,Fishing,,Unspecified,,Y,M
1665,0,australia,Fishing,,Unspecified,,Y,M
1666,0,australia,Swimming,,Grey,,Y,M
1667,0,australia,Diving,,Unspecified,,Y,M
1668,0,australia,Pearl diving,,Unspecified,,Y,M
1669,0,usa,Swimming,,Unspecified,,Y,M
1670,0,panama,,,Unspecified,,Y,M
1671,0,ceylon (sri lanka),Swimming,15,Unspecified,,Y,M
